-- phpMyAdmin SQL Dump
-- version 4.6.5.2
-- https://www.phpmyadmin.net/
--
-- Host: 127.0.0.1
-- Generation Time: Sep 22, 2018 at 02:17 PM
-- Server version: 10.1.21-MariaDB
-- PHP Version: 7.1.1

SET SQL_MODE = "NO_AUTO_VALUE_ON_ZERO";
SET time_zone = "+00:00";


/*!40101 SET @OLD_CHARACTER_SET_CLIENT=@@CHARACTER_SET_CLIENT */;
/*!40101 SET @OLD_CHARACTER_SET_RESULTS=@@CHARACTER_SET_RESULTS */;
/*!40101 SET @OLD_COLLATION_CONNECTION=@@COLLATION_CONNECTION */;
/*!40101 SET NAMES utf8mb4 */;

--
-- Database: `eapi`
--

-- --------------------------------------------------------

--
-- Table structure for table `migrations`
--

CREATE TABLE `migrations` (
  `id` int(10) UNSIGNED NOT NULL,
  `migration` varchar(191) COLLATE utf8mb4_unicode_ci NOT NULL,
  `batch` int(11) NOT NULL
) ENGINE=InnoDB DEFAULT CHARSET=utf8mb4 COLLATE=utf8mb4_unicode_ci;

--
-- Dumping data for table `migrations`
--

INSERT INTO `migrations` (`id`, `migration`, `batch`) VALUES
(1, '2014_10_12_000000_create_users_table', 1),
(2, '2014_10_12_100000_create_password_resets_table', 1),
(3, '2018_09_20_142356_create_products_table', 1),
(4, '2018_09_20_142438_create_reviews_table', 1);

-- --------------------------------------------------------

--
-- Table structure for table `password_resets`
--

CREATE TABLE `password_resets` (
  `email` varchar(191) COLLATE utf8mb4_unicode_ci NOT NULL,
  `token` varchar(191) COLLATE utf8mb4_unicode_ci NOT NULL,
  `created_at` timestamp NULL DEFAULT NULL
) ENGINE=InnoDB DEFAULT CHARSET=utf8mb4 COLLATE=utf8mb4_unicode_ci;

-- --------------------------------------------------------

--
-- Table structure for table `products`
--

CREATE TABLE `products` (
  `id` int(10) UNSIGNED NOT NULL,
  `name` varchar(191) COLLATE utf8mb4_unicode_ci NOT NULL,
  `detail` text COLLATE utf8mb4_unicode_ci NOT NULL,
  `price` int(11) NOT NULL,
  `stock` int(11) NOT NULL,
  `discount` int(11) NOT NULL,
  `created_at` timestamp NULL DEFAULT NULL,
  `updated_at` timestamp NULL DEFAULT NULL
) ENGINE=InnoDB DEFAULT CHARSET=utf8mb4 COLLATE=utf8mb4_unicode_ci;

--
-- Dumping data for table `products`
--

INSERT INTO `products` (`id`, `name`, `detail`, `price`, `stock`, `discount`, `created_at`, `updated_at`) VALUES
(1, 'quis', 'Dignissimos eos id est. Esse recusandae consequatur amet laudantium labore nobis. Non harum velit a. Odio voluptatem aut et labore sequi ab.', 473, 7, 29, '2018-09-22 10:06:58', '2018-09-22 10:06:58'),
(2, 'sed', 'Praesentium asperiores consequatur amet id. Suscipit et quibusdam ea autem tempore perspiciatis animi. Aut aut quos eum est. Ut qui facere recusandae dolore vero qui dicta sunt.', 672, 6, 29, '2018-09-22 10:06:58', '2018-09-22 10:06:58'),
(3, 'aperiam', 'Totam nihil odio optio sed est quasi. Numquam dolores quod est eaque rerum omnis veritatis. Vel amet quasi sunt asperiores quam. Veniam sed sapiente omnis sapiente est dolor.', 678, 4, 9, '2018-09-22 10:06:58', '2018-09-22 10:06:58'),
(4, 'libero', 'Quo et odio iure necessitatibus sed. Distinctio nobis vel culpa voluptate aut. Illum est vel dolorem. Voluptates aspernatur earum nostrum atque alias id.', 519, 1, 2, '2018-09-22 10:06:58', '2018-09-22 10:06:58'),
(5, 'nostrum', 'Consequatur necessitatibus dignissimos est numquam libero neque voluptatem. Mollitia odit at eaque vero libero. Saepe a nam voluptas vel quod exercitationem dolorem. Enim tenetur quia necessitatibus saepe est assumenda.', 881, 0, 11, '2018-09-22 10:06:58', '2018-09-22 10:06:58'),
(6, 'deserunt', 'Iusto error numquam accusantium. Eos cupiditate rerum aliquid optio reprehenderit.', 971, 7, 19, '2018-09-22 10:06:58', '2018-09-22 10:06:58'),
(7, 'voluptatem', 'Aut provident doloremque cum accusantium et. Magni cumque asperiores quia est. Quia dolores voluptatem magnam quam qui. Consequatur commodi occaecati voluptas et.', 642, 9, 29, '2018-09-22 10:06:58', '2018-09-22 10:06:58'),
(8, 'et', 'Deleniti mollitia iste sint eius. Dolor est beatae corrupti unde magni voluptate.', 786, 7, 18, '2018-09-22 10:06:58', '2018-09-22 10:06:58'),
(9, 'quibusdam', 'Aperiam nihil voluptatem quis voluptas. Iure molestiae deserunt eos culpa ipsa. Fugit sit eos ipsa voluptas repudiandae natus ullam.', 578, 9, 6, '2018-09-22 10:06:58', '2018-09-22 10:06:58'),
(10, 'dolorem', 'Eum asperiores ipsum sint sed consequuntur numquam consectetur. Veritatis dolorum et qui. Reiciendis molestiae alias rerum molestiae dolore mollitia quasi.', 432, 4, 18, '2018-09-22 10:06:58', '2018-09-22 10:06:58'),
(11, 'et', 'Numquam consequatur commodi dolore ex. Sit voluptas sit cum maiores consequatur placeat sit. Aut sint iure consequatur rerum quam.', 913, 2, 19, '2018-09-22 10:06:58', '2018-09-22 10:06:58'),
(12, 'dolor', 'Cumque quia consectetur doloremque iure asperiores. Maiores illo unde natus id ipsum aliquam. Blanditiis corrupti sit ipsum blanditiis accusamus est iure. Perferendis inventore aliquid facilis velit eligendi.', 477, 2, 7, '2018-09-22 10:06:58', '2018-09-22 10:06:58'),
(13, 'vero', 'Aut ipsam veniam ea qui quaerat. Aut voluptates omnis dolor vel saepe est officiis. Ut et voluptatibus aut rem dolor.', 961, 4, 26, '2018-09-22 10:06:58', '2018-09-22 10:06:58'),
(14, 'expedita', 'Rerum harum et maiores praesentium. Iste voluptatem veniam accusantium. Est consequatur perferendis vero eos accusantium voluptatem. Consequatur placeat corrupti est ut.', 374, 2, 20, '2018-09-22 10:06:58', '2018-09-22 10:06:58'),
(15, 'quisquam', 'Quia quae molestiae ut consequatur. Aut cupiditate et numquam eum odit officiis. Quia totam veniam ipsum.', 580, 1, 10, '2018-09-22 10:06:58', '2018-09-22 10:06:58'),
(16, 'et', 'Aut architecto vero omnis ut vel. Enim mollitia dolor qui praesentium sit. In incidunt non ut temporibus repudiandae.', 226, 4, 12, '2018-09-22 10:06:58', '2018-09-22 10:06:58'),
(17, 'qui', 'Tempora aperiam necessitatibus et laudantium nostrum. Dolore porro consequatur velit doloribus quia rerum ipsum. Fuga vel nihil aperiam nemo alias eveniet fugiat. Corporis veniam impedit ipsam dicta expedita rerum. Ipsa omnis quibusdam rem ex minus.', 651, 5, 8, '2018-09-22 10:06:59', '2018-09-22 10:06:59'),
(18, 'inventore', 'Cupiditate deleniti aut et dignissimos eum unde. Veniam qui laboriosam laborum animi. Quasi officia incidunt necessitatibus rem enim. Repudiandae exercitationem voluptas repellendus voluptatem officia. Excepturi temporibus corrupti ut laboriosam aut.', 191, 0, 12, '2018-09-22 10:06:59', '2018-09-22 10:06:59'),
(19, 'aut', 'Et temporibus quod quia nam. Cumque hic sed fugiat cupiditate maiores incidunt. Modi voluptatem soluta dolor et ea sapiente suscipit. Quia voluptate minima consequatur fugiat ratione.', 832, 0, 20, '2018-09-22 10:06:59', '2018-09-22 10:06:59'),
(20, 'dolore', 'Voluptatem aperiam incidunt quo laborum et. Quo omnis labore tempore ratione. Distinctio quia autem non voluptatem.', 922, 3, 30, '2018-09-22 10:06:59', '2018-09-22 10:06:59'),
(21, 'et', 'Nostrum placeat accusantium vitae cupiditate minima. Qui ea pariatur autem est et. Consectetur maiores minima quia distinctio. Voluptatem eligendi delectus optio quibusdam iure magnam.', 634, 3, 10, '2018-09-22 10:06:59', '2018-09-22 10:06:59'),
(22, 'autem', 'Temporibus ducimus magni rem nostrum aliquid harum. Est quibusdam asperiores voluptatum aperiam dolores. Quaerat laboriosam repudiandae vel et ipsa dolor aliquam corporis.', 107, 3, 9, '2018-09-22 10:06:59', '2018-09-22 10:06:59'),
(23, 'unde', 'Dolores corrupti repellendus aut veniam ex est dolore nisi. Nobis aut dolorem ipsa libero dolor beatae voluptas est. Voluptas nihil hic eos voluptatem sed voluptatem neque.', 571, 1, 11, '2018-09-22 10:06:59', '2018-09-22 10:06:59'),
(24, 'id', 'Voluptatem voluptas asperiores rem ipsum dignissimos aut deserunt. Cupiditate voluptate sint quia animi libero omnis sed. Facere et asperiores tempora quaerat inventore nesciunt deserunt.', 811, 6, 9, '2018-09-22 10:06:59', '2018-09-22 10:06:59'),
(25, 'aut', 'Facilis aperiam atque quaerat voluptatem omnis quod vitae assumenda. Dolore consequatur adipisci voluptas velit voluptatum autem repudiandae asperiores. Eius vel illo quis unde molestias omnis sint. Blanditiis libero accusamus ad quas omnis.', 247, 2, 16, '2018-09-22 10:06:59', '2018-09-22 10:06:59'),
(26, 'dolorem', 'Voluptatem eius eius assumenda sit adipisci et voluptas. Consequatur blanditiis tenetur reprehenderit aut consectetur placeat ut. Repudiandae eum est sunt nobis. Nobis aut sint quibusdam laboriosam aut dolores.', 463, 1, 10, '2018-09-22 10:06:59', '2018-09-22 10:06:59'),
(27, 'natus', 'Id magni occaecati quo. Est qui doloremque et nam et. Suscipit sint voluptatem consequatur eius.', 407, 2, 14, '2018-09-22 10:06:59', '2018-09-22 10:06:59'),
(28, 'aperiam', 'Doloribus perspiciatis non nihil. Aspernatur eaque soluta nihil occaecati aut. Pariatur optio voluptates iste quis.', 415, 5, 27, '2018-09-22 10:06:59', '2018-09-22 10:06:59'),
(29, 'rerum', 'Fuga omnis quisquam molestias qui. Hic quod nisi optio doloremque velit. Ut architecto corporis dicta aut hic sit.', 690, 6, 30, '2018-09-22 10:06:59', '2018-09-22 10:06:59'),
(30, 'aut', 'Quis sed ea et enim culpa sit accusantium eos. Enim pariatur illum aut. Consequatur in iusto quaerat. Est aut et officiis numquam suscipit quia.', 760, 4, 21, '2018-09-22 10:06:59', '2018-09-22 10:06:59'),
(31, 'rerum', 'Tempora mollitia sint vel magnam omnis quae. Eveniet maiores vitae voluptatem iste impedit ipsum. Ullam hic ut quo quos.', 916, 4, 17, '2018-09-22 10:06:59', '2018-09-22 10:06:59'),
(32, 'excepturi', 'Autem et praesentium amet dolores qui exercitationem. Voluptatem adipisci ullam voluptatum odio inventore est inventore.', 164, 1, 15, '2018-09-22 10:06:59', '2018-09-22 10:06:59'),
(33, 'rerum', 'Atque quidem nostrum ex et delectus. Ea itaque nesciunt rerum omnis. Accusamus in accusantium sunt vel voluptatem.', 368, 6, 15, '2018-09-22 10:06:59', '2018-09-22 10:06:59'),
(34, 'quas', 'Molestias inventore quisquam porro. Et sint quis temporibus ut ad id. Qui ut minus necessitatibus similique.', 481, 9, 17, '2018-09-22 10:06:59', '2018-09-22 10:06:59'),
(35, 'aut', 'Reprehenderit ipsum repellat sunt et eius. Animi porro ad autem officiis omnis similique. Hic beatae id harum.', 352, 3, 14, '2018-09-22 10:06:59', '2018-09-22 10:06:59'),
(36, 'nihil', 'Error esse tenetur non sit. Dolorem quos a dolores odit laudantium. Voluptas blanditiis culpa ipsa cumque ea incidunt qui.', 845, 2, 19, '2018-09-22 10:06:59', '2018-09-22 10:06:59'),
(37, 'ducimus', 'Ea eum vitae est ipsum sapiente molestiae rerum. In qui rem beatae ipsum. Aspernatur non repellendus quasi in qui et.', 931, 4, 26, '2018-09-22 10:06:59', '2018-09-22 10:06:59'),
(38, 'consequatur', 'Quam ut tenetur qui. Repudiandae provident et qui sed quia et iste. Laborum accusantium velit modi aut quae molestias magni. Delectus nobis expedita impedit omnis nostrum nihil.', 405, 5, 17, '2018-09-22 10:06:59', '2018-09-22 10:06:59'),
(39, 'repellat', 'Temporibus possimus autem sit tempore. Consequatur quo laborum aliquam suscipit laudantium. Id in quidem eveniet occaecati. Ullam est est et ex ipsum delectus impedit odio.', 603, 0, 4, '2018-09-22 10:06:59', '2018-09-22 10:06:59'),
(40, 'nesciunt', 'Similique fugit excepturi aliquid veniam accusamus. Quas vitae aspernatur cumque eum tenetur nemo similique. Consequuntur et ipsum sit eum quo sunt rem voluptatum. Dolor enim omnis debitis maxime vel atque. Tempore consectetur id voluptatum officiis rerum voluptatem.', 297, 4, 23, '2018-09-22 10:06:59', '2018-09-22 10:06:59'),
(41, 'ex', 'Amet adipisci est odit aliquam. Doloremque voluptatem sint dignissimos. Et quia ut aut.', 927, 3, 19, '2018-09-22 10:06:59', '2018-09-22 10:06:59'),
(42, 'consectetur', 'Et velit iure non odio tenetur consectetur corporis molestiae. Assumenda eum sunt voluptatibus qui et. Ut sunt qui autem adipisci doloremque praesentium sapiente.', 836, 6, 11, '2018-09-22 10:06:59', '2018-09-22 10:06:59'),
(43, 'illum', 'Doloremque quo provident et vero vel sit. Quaerat adipisci veniam earum dolor autem. Praesentium ratione nostrum ut nostrum sed repudiandae.', 403, 2, 7, '2018-09-22 10:06:59', '2018-09-22 10:06:59'),
(44, 'officiis', 'Autem explicabo deserunt quia sapiente sunt ipsum ut. Voluptatem deleniti explicabo nulla nihil atque in deleniti.', 886, 2, 24, '2018-09-22 10:06:59', '2018-09-22 10:06:59'),
(45, 'voluptatem', 'Voluptatum autem vitae magni maxime aut. Rem cupiditate et sint ipsa. Quidem animi corrupti aut aut. Corporis molestiae cum voluptates sit itaque nostrum earum et. Labore distinctio error iste sed.', 874, 0, 20, '2018-09-22 10:06:59', '2018-09-22 10:06:59'),
(46, 'rem', 'Est minus ipsa ea sed voluptatibus ut nisi corporis. Eveniet ad ea illum aut maxime impedit. In saepe consequuntur est animi expedita nemo accusantium.', 117, 5, 29, '2018-09-22 10:06:59', '2018-09-22 10:06:59'),
(47, 'maxime', 'Qui consequatur nobis officia asperiores qui. Et necessitatibus maxime in et rem sit ut. Est quibusdam culpa et natus quae. Quidem et repellat ut fuga exercitationem minus.', 706, 5, 2, '2018-09-22 10:06:59', '2018-09-22 10:06:59'),
(48, 'soluta', 'Iusto ut voluptates tempore. Nulla architecto earum modi non. Vel earum consectetur et cupiditate et et.', 247, 4, 18, '2018-09-22 10:06:59', '2018-09-22 10:06:59'),
(49, 'mollitia', 'Voluptas optio dolorum qui id voluptas quibusdam autem. Aut voluptatem quia et facere aliquam. Amet hic dolor asperiores voluptas tempora sit. Eum fugit et libero eum modi et excepturi.', 328, 7, 11, '2018-09-22 10:07:00', '2018-09-22 10:07:00'),
(50, 'quos', 'Expedita soluta at velit sit voluptate reiciendis ut. Alias dignissimos nesciunt impedit tempore. Rerum aut aut facilis tempora eius nesciunt quo.', 559, 6, 29, '2018-09-22 10:07:00', '2018-09-22 10:07:00'),
(51, 'natus', 'Impedit natus voluptas voluptas distinctio ut. Voluptates dolorum voluptas ex eos alias. Beatae consequuntur quas repellat voluptas.', 747, 0, 9, '2018-09-22 10:14:41', '2018-09-22 10:14:41'),
(52, 'qui', 'Aut ut optio magni temporibus. Fuga deserunt eligendi odio reprehenderit. Dignissimos ipsa omnis vel corrupti adipisci odio aut.', 702, 2, 5, '2018-09-22 10:14:41', '2018-09-22 10:14:41'),
(53, 'dolorem', 'Aut odio molestias temporibus ea quia et. At quibusdam itaque ea debitis. Sint optio veritatis quia quo doloribus consequuntur. Sed ducimus ipsum natus facere tenetur consequatur.', 627, 9, 3, '2018-09-22 10:14:41', '2018-09-22 10:14:41'),
(54, 'quam', 'Omnis quia est ipsum laborum voluptatem suscipit at aut. Temporibus amet eum cumque aut est. Qui tempora et dolor delectus alias molestiae. Mollitia odio animi quisquam sint ratione omnis sunt. Aut nam aut aut ab dolorum odio.', 880, 3, 26, '2018-09-22 10:14:41', '2018-09-22 10:14:41'),
(55, 'ea', 'Doloribus nihil cumque dolores consequatur. Nobis non voluptatem aperiam sint similique fugiat. Ad quia dolore cum ea repellendus repellat. Unde sed est dolorem.', 284, 8, 5, '2018-09-22 10:14:41', '2018-09-22 10:14:41'),
(56, 'blanditiis', 'Nemo porro sint in magnam aut totam corrupti. Delectus et sed quae expedita soluta. Delectus culpa tenetur quia repellendus aliquid.', 378, 0, 19, '2018-09-22 10:14:41', '2018-09-22 10:14:41'),
(57, 'et', 'Voluptas tempore et blanditiis fugit. Dolores quis aut accusantium corporis ut cupiditate. Voluptas fugit atque et accusamus. Labore adipisci perspiciatis ea praesentium quae.', 383, 7, 5, '2018-09-22 10:14:41', '2018-09-22 10:14:41'),
(58, 'dolorum', 'Debitis eligendi labore et eaque vel dolorum mollitia. Qui eveniet iure atque excepturi rerum blanditiis quas. Nesciunt ut iste officia aut delectus.', 546, 3, 7, '2018-09-22 10:14:41', '2018-09-22 10:14:41'),
(59, 'eaque', 'Quis quidem dignissimos qui necessitatibus consequatur optio. Nihil nihil fugit aut totam officiis et est. Rerum impedit iste enim ducimus. Aut rem molestiae odio suscipit.', 970, 6, 11, '2018-09-22 10:14:42', '2018-09-22 10:14:42'),
(60, 'officiis', 'Repellendus magni itaque voluptatem et. Sequi est nam perferendis odio repellat labore eius. Autem dolor nesciunt vel corporis. Et et ad hic debitis dicta at.', 784, 8, 7, '2018-09-22 10:14:42', '2018-09-22 10:14:42'),
(61, 'et', 'Repellendus sint et reiciendis aut et pariatur praesentium quisquam. Vel magnam illum doloremque pariatur quo quod accusantium. Nihil velit qui optio eum repudiandae ut. Reprehenderit quae quibusdam omnis.', 471, 6, 11, '2018-09-22 10:14:42', '2018-09-22 10:14:42'),
(62, 'qui', 'Excepturi nostrum qui adipisci distinctio voluptatem error. Tempore voluptatem eveniet autem placeat. Molestias distinctio quo natus sint.', 363, 1, 14, '2018-09-22 10:14:42', '2018-09-22 10:14:42'),
(63, 'delectus', 'Ullam ea incidunt eveniet qui officia non quis nulla. Id officiis vitae et. Libero at sit nam sint dolore doloremque harum. Voluptas explicabo et tempore consectetur.', 697, 9, 24, '2018-09-22 10:14:42', '2018-09-22 10:14:42'),
(64, 'qui', 'Nemo praesentium qui fugit aut et. Quasi earum expedita labore ea et quidem. Quidem veniam ut nisi maxime optio aliquid. Molestiae sunt ducimus est maiores maxime.', 292, 8, 5, '2018-09-22 10:14:42', '2018-09-22 10:14:42'),
(65, 'sit', 'Eos sed est ullam velit quaerat. Dignissimos omnis fuga occaecati animi. Porro voluptatem vitae blanditiis eius reprehenderit.', 100, 8, 8, '2018-09-22 10:14:42', '2018-09-22 10:14:42'),
(66, 'laboriosam', 'Deserunt sed officiis repudiandae nihil placeat quia dolorum. Voluptas voluptatibus labore beatae rem sint enim vel. Eveniet quia vero quos neque voluptatum.', 509, 5, 25, '2018-09-22 10:14:42', '2018-09-22 10:14:42'),
(67, 'ducimus', 'Adipisci officia mollitia nostrum debitis. Est veritatis culpa et modi repudiandae. Sit est corporis ut repellat laboriosam. Ullam alias modi sint laboriosam deserunt. Quia cumque est aliquid.', 258, 9, 8, '2018-09-22 10:14:42', '2018-09-22 10:14:42'),
(68, 'quaerat', 'Nihil consequatur molestiae quis sed eligendi qui quo laudantium. Dicta dicta eius quisquam saepe est ratione delectus. Hic quidem incidunt temporibus assumenda. Officia eum est exercitationem ut consectetur aut rerum iure.', 465, 5, 19, '2018-09-22 10:14:42', '2018-09-22 10:14:42'),
(69, 'est', 'Consequatur repudiandae fugit adipisci ad iste dignissimos. Ut veritatis alias culpa. Excepturi laboriosam id aut. Harum quae at ea qui hic reiciendis nemo sed.', 361, 1, 3, '2018-09-22 10:14:42', '2018-09-22 10:14:42'),
(70, 'facilis', 'Sed omnis doloribus dolor vel quia aperiam sint vitae. Odit sapiente mollitia et aliquid. Cupiditate rerum omnis voluptatem tempore reiciendis qui et reiciendis. Sed expedita aliquid explicabo ut magni ipsam reprehenderit molestiae.', 931, 1, 14, '2018-09-22 10:14:42', '2018-09-22 10:14:42'),
(71, 'rerum', 'Quidem explicabo cum consequatur dolorem et quia consectetur. Nostrum animi magni tempora repellendus amet repellendus assumenda dolores. In et quae laborum autem quis natus asperiores magni. Voluptates enim architecto eligendi.', 663, 7, 10, '2018-09-22 10:14:42', '2018-09-22 10:14:42'),
(72, 'sint', 'Excepturi ex eveniet aut est ducimus. Aut quos ea quis molestias. Quam neque enim numquam ea. Labore non qui asperiores voluptatibus quasi.', 723, 2, 24, '2018-09-22 10:14:42', '2018-09-22 10:14:42'),
(73, 'ipsa', 'Perferendis alias accusamus impedit dolores consequatur. Sed eligendi qui maiores amet eum. Architecto officiis cupiditate fugiat impedit. Sed qui perferendis itaque autem sed unde officiis.', 564, 6, 28, '2018-09-22 10:14:42', '2018-09-22 10:14:42'),
(74, 'fugit', 'Voluptas ad ad quidem laboriosam. Necessitatibus omnis nemo in et exercitationem qui. Adipisci ratione alias voluptatem.', 713, 4, 9, '2018-09-22 10:14:42', '2018-09-22 10:14:42'),
(75, 'sint', 'Nihil eos impedit ad id facilis. Aliquid facere vel voluptate facere vel qui repellat. Explicabo et deleniti ut quam est cupiditate.', 615, 8, 29, '2018-09-22 10:14:42', '2018-09-22 10:14:42'),
(76, 'hic', 'Quasi qui eum nulla officiis minima odio. Aperiam quia sit vel amet similique omnis. Officia nulla a nulla sunt ut error enim voluptas. Id quasi explicabo facere commodi sed.', 883, 1, 12, '2018-09-22 10:14:42', '2018-09-22 10:14:42'),
(77, 'quis', 'Et repellat est eum reiciendis occaecati repellat. Aut doloremque eius eveniet ut et. Dolor explicabo et in consequatur aut hic laborum.', 191, 9, 15, '2018-09-22 10:14:42', '2018-09-22 10:14:42'),
(78, 'suscipit', 'Totam ipsam suscipit qui quia quas voluptatem. Ut quia ex et qui voluptatem delectus perferendis vel. Molestiae molestiae nesciunt facilis consequuntur vitae minima nesciunt harum. At aut et est itaque accusantium maiores velit nesciunt.', 478, 3, 14, '2018-09-22 10:14:42', '2018-09-22 10:14:42'),
(79, 'corporis', 'Consequatur nobis magni rerum omnis aut est illum. Magni quam voluptas laborum ratione quod voluptas necessitatibus. Ipsa labore laborum perspiciatis qui. Repellendus corporis veniam maiores ex autem est ea. Est reiciendis non non cumque et sed.', 187, 2, 16, '2018-09-22 10:14:42', '2018-09-22 10:14:42'),
(80, 'quibusdam', 'Nulla et laborum porro. Quaerat dignissimos numquam pariatur inventore accusantium quis beatae quo. Amet et eveniet qui.', 116, 7, 26, '2018-09-22 10:14:42', '2018-09-22 10:14:42'),
(81, 'ea', 'Eos quos ullam eos. Iure reprehenderit natus at laborum excepturi id eveniet. Eos doloribus consectetur necessitatibus omnis sint laborum sunt exercitationem.', 918, 7, 11, '2018-09-22 10:14:42', '2018-09-22 10:14:42'),
(82, 'minus', 'Minima officiis amet ipsa optio corrupti odio. Minus a rem rerum animi eum. Quis possimus quasi facere pariatur dignissimos consequatur voluptatibus.', 932, 1, 22, '2018-09-22 10:14:42', '2018-09-22 10:14:42'),
(83, 'qui', 'Aliquam doloribus voluptate odit. Omnis aut aut sint veniam. Nostrum in suscipit delectus ratione autem sint.', 811, 1, 30, '2018-09-22 10:14:42', '2018-09-22 10:14:42'),
(84, 'voluptas', 'Aspernatur id cupiditate dolorem eaque et sunt. Illo veritatis hic explicabo eius eveniet tenetur. Suscipit nihil unde sed sint dolorem possimus perspiciatis. Omnis ut et magni quo.', 384, 3, 20, '2018-09-22 10:14:42', '2018-09-22 10:14:42'),
(85, 'optio', 'Natus voluptatum inventore quam sit quis tempora. Iusto eum quo sit beatae rerum qui vel. Non maiores laudantium dolorem.', 385, 4, 5, '2018-09-22 10:14:42', '2018-09-22 10:14:42'),
(86, 'reiciendis', 'Laboriosam quae eos totam nobis vel magni. Eum sit dolores voluptatibus quis maxime quisquam id. Odio molestias laborum quaerat porro qui illum eos. Quo labore eum tempora beatae omnis et voluptatem.', 528, 5, 18, '2018-09-22 10:14:42', '2018-09-22 10:14:42'),
(87, 'voluptatem', 'Architecto saepe sit officiis officiis dolorum id. Nostrum aut voluptatem ut explicabo ut incidunt ducimus. Architecto est possimus voluptas beatae id. Ea quia molestiae repudiandae dolor.', 600, 7, 27, '2018-09-22 10:14:42', '2018-09-22 10:14:42'),
(88, 'sint', 'Porro recusandae culpa eos accusamus totam quam. Laborum rerum eius sint similique explicabo distinctio voluptas. Quisquam sit esse doloremque quibusdam. Quis ut aut aut dolorem exercitationem.', 301, 2, 16, '2018-09-22 10:14:42', '2018-09-22 10:14:42'),
(89, 'autem', 'Ea sit aliquid quaerat nihil soluta ipsum corrupti. Minus provident laudantium in saepe commodi. Quis ipsum et culpa dolor.', 819, 3, 29, '2018-09-22 10:14:42', '2018-09-22 10:14:42'),
(90, 'vel', 'Ut doloribus nam ea voluptatem. Aut magni nulla et officia numquam odio earum. Unde eius non eum facilis cumque consequatur et quisquam. Libero consequatur rerum earum.', 306, 0, 14, '2018-09-22 10:14:42', '2018-09-22 10:14:42'),
(91, 'voluptate', 'Autem consequatur sunt fuga enim. Sunt aut rerum commodi aut minus consectetur quia. Voluptates in eum reiciendis repellat numquam laudantium. Velit vitae unde delectus atque iure.', 336, 9, 3, '2018-09-22 10:14:42', '2018-09-22 10:14:42'),
(92, 'delectus', 'Dolores occaecati voluptas sed deserunt exercitationem itaque error. Corporis consectetur molestiae omnis laudantium consequuntur omnis pariatur aliquid. Et architecto cumque aliquam inventore. Eaque ut laboriosam molestiae occaecati cum dolorem eius.', 287, 3, 21, '2018-09-22 10:14:43', '2018-09-22 10:14:43'),
(93, 'quam', 'Nihil quis magni sit eligendi voluptatem impedit. Non reprehenderit aut earum exercitationem quia. Hic assumenda iste ad. Deleniti nostrum ut dolore consequatur officia.', 248, 0, 30, '2018-09-22 10:14:43', '2018-09-22 10:14:43'),
(94, 'dolores', 'Molestias aperiam fugiat voluptatibus aut quia. Et dolores fugit officiis esse voluptatem molestias officiis. Voluptas iure voluptas asperiores voluptates omnis reprehenderit.', 383, 1, 8, '2018-09-22 10:14:43', '2018-09-22 10:14:43'),
(95, 'laboriosam', 'Voluptate magni numquam rem laborum. Cumque et autem possimus. Accusamus aliquid occaecati nisi minima.', 728, 2, 28, '2018-09-22 10:14:43', '2018-09-22 10:14:43'),
(96, 'consequuntur', 'Sed odio doloremque voluptas animi non. Natus aspernatur maiores consequuntur et. Est magni aliquam voluptatem.', 491, 5, 2, '2018-09-22 10:14:43', '2018-09-22 10:14:43'),
(97, 'itaque', 'Dolore architecto vel voluptatem aut harum animi autem. Placeat distinctio ea asperiores qui ea et. Maiores perspiciatis voluptas voluptas est vitae aut velit.', 765, 7, 17, '2018-09-22 10:14:43', '2018-09-22 10:14:43'),
(98, 'eum', 'Consequatur accusantium dolorem ea molestiae minima. Modi iure illo ex mollitia quibusdam dolorem eaque. Doloremque nobis et blanditiis. Facilis laudantium quaerat exercitationem atque error.', 118, 2, 30, '2018-09-22 10:14:43', '2018-09-22 10:14:43'),
(99, 'voluptatem', 'Quae eum blanditiis sint aut facilis sapiente numquam facilis. Voluptatem blanditiis sunt amet ipsa nihil illum amet. Sed odit sed eaque inventore incidunt.', 399, 0, 15, '2018-09-22 10:14:43', '2018-09-22 10:14:43'),
(100, 'et', 'Ea tempora quam nesciunt quae et. Quo cumque et et sit esse et illo. Qui error harum soluta aliquid nulla nulla numquam. Aliquid reprehenderit aut adipisci. Dolores animi dolores beatae repellat quis aut.', 316, 8, 11, '2018-09-22 10:14:43', '2018-09-22 10:14:43');

-- --------------------------------------------------------

--
-- Table structure for table `reviews`
--

CREATE TABLE `reviews` (
  `id` int(10) UNSIGNED NOT NULL,
  `product_id` int(10) UNSIGNED NOT NULL,
  `customer` varchar(191) COLLATE utf8mb4_unicode_ci NOT NULL,
  `review` text COLLATE utf8mb4_unicode_ci NOT NULL,
  `star` int(11) NOT NULL,
  `created_at` timestamp NULL DEFAULT NULL,
  `updated_at` timestamp NULL DEFAULT NULL
) ENGINE=InnoDB DEFAULT CHARSET=utf8mb4 COLLATE=utf8mb4_unicode_ci;

--
-- Dumping data for table `reviews`
--

INSERT INTO `reviews` (`id`, `product_id`, `customer`, `review`, `star`, `created_at`, `updated_at`) VALUES
(1, 32, 'Dolly Jerde', 'Expedita temporibus id dolore natus. Nulla recusandae a quasi autem qui perspiciatis. Soluta harum et exercitationem beatae voluptas molestias. Impedit exercitationem ut ipsum.', 1, '2018-09-22 10:14:44', '2018-09-22 10:14:44'),
(2, 47, 'Dana Wiza', 'Qui consequatur et perspiciatis sequi aut repellat. Excepturi nihil maxime quae reiciendis dolorum enim sint. Et doloremque aliquam qui laudantium et vel qui. Voluptas ipsa animi dicta qui.', 3, '2018-09-22 10:14:44', '2018-09-22 10:14:44'),
(3, 89, 'Madilyn Runolfsson', 'Consectetur laborum beatae ut expedita. Rerum ipsa praesentium dolor at corrupti. Est officia numquam corporis neque. Suscipit voluptatem ea dolor in.', 2, '2018-09-22 10:14:44', '2018-09-22 10:14:44'),
(4, 74, 'Tito O\'Conner', 'Impedit labore placeat a fugit. Nostrum fuga cum est voluptas et. Autem in enim repudiandae quia delectus perferendis est. Beatae voluptatem explicabo minima odit. Eligendi quos placeat molestiae ea consequatur sit.', 0, '2018-09-22 10:14:44', '2018-09-22 10:14:44'),
(5, 62, 'Pablo Boehm', 'Totam nulla culpa asperiores alias natus quo. Temporibus et vel repellendus magni. Consectetur voluptate quia nisi non molestiae cumque ea.', 0, '2018-09-22 10:14:44', '2018-09-22 10:14:44'),
(6, 34, 'Gerry Kiehn', 'Est a error magni cupiditate. Quo porro dolorem quis error voluptatem quod. Nam dolorem repudiandae non omnis quis.', 1, '2018-09-22 10:14:44', '2018-09-22 10:14:44'),
(7, 36, 'Dr. Dallin Price', 'Dolores incidunt placeat eum omnis. Numquam maxime hic et voluptas. Omnis voluptatibus et maiores eaque voluptate atque aut. Aperiam ut harum doloremque tenetur atque pariatur esse deserunt.', 0, '2018-09-22 10:14:44', '2018-09-22 10:14:44'),
(8, 18, 'Natalie Nienow', 'Quisquam repellendus quisquam sit quia. Qui ipsam et quidem voluptatem. Accusamus illum exercitationem quod temporibus molestiae soluta voluptas. Magni ab et quia ab fugiat tempora error.', 2, '2018-09-22 10:14:44', '2018-09-22 10:14:44'),
(9, 98, 'Mr. Skye Abshire', 'Dolor at nobis fugit quam. Dolor mollitia est quia ut est modi facilis. Laboriosam similique modi fuga atque. Excepturi corporis voluptas nostrum vitae.', 5, '2018-09-22 10:14:44', '2018-09-22 10:14:44'),
(10, 2, 'Flavio Ward', 'Et voluptate ea doloribus praesentium aut. Perferendis aut possimus ipsam qui qui ipsam. Itaque et architecto ut quia error. Deserunt sunt eum id eius impedit in quis. Sed porro praesentium et id.', 0, '2018-09-22 10:14:44', '2018-09-22 10:14:44'),
(11, 24, 'Kayley Tromp', 'Laboriosam aut consequatur sit ut ad. Expedita facilis qui rerum et. A error quam veniam quia quas et asperiores similique.', 0, '2018-09-22 10:14:44', '2018-09-22 10:14:44'),
(12, 9, 'Mrs. Janice Will MD', 'Reprehenderit quia voluptas voluptatum et ut. Quia ipsam fugit sit non pariatur sint. Quasi earum rerum omnis corporis ea dicta ab quo. Tempora minus vel et.', 1, '2018-09-22 10:14:44', '2018-09-22 10:14:44'),
(13, 91, 'Imani Lowe', 'Culpa deleniti fugit nobis et. A sit eligendi enim accusamus eum asperiores. In consequatur sunt sed quaerat. Ut accusantium sed non. Molestias enim corporis nihil magni natus.', 5, '2018-09-22 10:14:44', '2018-09-22 10:14:44'),
(14, 34, 'Mr. Eldon Hermann DVM', 'Culpa repellendus voluptates quo error laboriosam nihil eveniet cum. Culpa magni maxime explicabo et.', 1, '2018-09-22 10:14:44', '2018-09-22 10:14:44'),
(15, 78, 'Ursula Bergnaum', 'Iure reprehenderit rerum illo hic voluptatem ea. Aut accusamus error ut neque. Saepe maiores quaerat quasi.', 4, '2018-09-22 10:14:44', '2018-09-22 10:14:44'),
(16, 3, 'Dennis Larkin', 'Officiis ut eligendi sit esse quo eum. Et error et quia dolorem id ut. Cumque et alias repellendus quas dolor beatae et.', 5, '2018-09-22 10:14:44', '2018-09-22 10:14:44'),
(17, 11, 'Josie Buckridge', 'Dolorem repellat reiciendis eveniet vel non. Veniam molestiae sequi enim quae distinctio. Ullam veritatis reprehenderit aperiam tempore aut quia possimus. Iste nihil culpa fugiat.', 1, '2018-09-22 10:14:44', '2018-09-22 10:14:44'),
(18, 57, 'Mrs. Gloria Renner', 'Amet officiis nobis dolores ex nam. Quam magnam mollitia expedita est voluptatibus enim. Quos distinctio et minus asperiores accusamus dicta. Aut autem quis rerum consequatur dolorum esse.', 1, '2018-09-22 10:14:44', '2018-09-22 10:14:44'),
(19, 15, 'Francisco Gutmann', 'Officia fugiat quae aut odit debitis. Perferendis sequi rerum voluptas eos deserunt. Est illum laudantium quisquam voluptas asperiores nihil qui cupiditate. Rerum corporis natus et nostrum voluptatem.', 4, '2018-09-22 10:14:44', '2018-09-22 10:14:44'),
(20, 56, 'Alta Baumbach V', 'Sunt ea temporibus inventore et neque sapiente qui. Beatae et id aspernatur corrupti. Architecto quo nisi consequatur blanditiis omnis. Nulla ea et veritatis minima laborum.', 5, '2018-09-22 10:14:44', '2018-09-22 10:14:44'),
(21, 27, 'Reinhold Rau', 'Eaque quos aut facere natus at fugiat enim. Iste quae ut rerum amet aperiam ullam eius. Quis delectus ad quaerat.', 2, '2018-09-22 10:14:44', '2018-09-22 10:14:44'),
(22, 28, 'Amber Torp', 'Officiis et sit eum beatae vel. Omnis ex eum quisquam molestias qui est. Fugiat explicabo voluptatem minus est natus mollitia.', 0, '2018-09-22 10:14:44', '2018-09-22 10:14:44'),
(23, 90, 'Isabell Reinger', 'Omnis ducimus natus quia magnam est facilis tenetur corrupti. Sed debitis rem maxime eligendi. Est nulla quia adipisci voluptatem.', 2, '2018-09-22 10:14:44', '2018-09-22 10:14:44'),
(24, 63, 'Dr. Christine Koch', 'Rem repellendus ipsa laudantium architecto eum occaecati. Ea repellat rerum deleniti voluptatum voluptate ipsam. Sed consequatur quis in animi porro. Id minus veniam consequatur similique.', 2, '2018-09-22 10:14:44', '2018-09-22 10:14:44'),
(25, 8, 'Louvenia Schneider', 'Adipisci minima id ipsa maxime. Cupiditate molestiae molestiae ipsam. Aut et cumque in est consequatur expedita iste temporibus. Et ut minus placeat necessitatibus.', 2, '2018-09-22 10:14:44', '2018-09-22 10:14:44'),
(26, 51, 'Halie Keebler II', 'Suscipit quasi eum ipsum aut. Iure sapiente accusantium tenetur velit minima at. Eum ea labore placeat totam ea quis. Deleniti architecto et sed excepturi.', 4, '2018-09-22 10:14:44', '2018-09-22 10:14:44'),
(27, 9, 'Allene Marvin', 'Recusandae laborum praesentium consequatur et fugit commodi. Voluptate voluptate delectus enim voluptatum deserunt autem.', 3, '2018-09-22 10:14:44', '2018-09-22 10:14:44'),
(28, 38, 'Yoshiko Fadel MD', 'Quidem et eum vero amet. Et itaque quia nihil facere voluptatem blanditiis. Voluptas ex neque consequatur illo et vel.', 2, '2018-09-22 10:14:44', '2018-09-22 10:14:44'),
(29, 64, 'Titus Wehner', 'Dicta necessitatibus magnam id repellat id occaecati occaecati. Deleniti quidem occaecati architecto corrupti nobis earum. Voluptatem accusamus quidem non quod officia aliquid quia. Tenetur in omnis voluptas exercitationem.', 2, '2018-09-22 10:14:44', '2018-09-22 10:14:44'),
(30, 5, 'Dr. Margarette Turcotte', 'Est quibusdam atque nihil odit sit in mollitia. Voluptatem non et ut aliquam voluptatum qui dolorem. Atque quae eligendi maxime quod iste. Molestias quod maiores aut ut sit nulla ducimus asperiores.', 4, '2018-09-22 10:14:44', '2018-09-22 10:14:44'),
(31, 75, 'Alvah Klocko DVM', 'Vel enim quo ut assumenda necessitatibus praesentium qui. Pariatur quae accusamus maiores placeat ducimus eveniet repellat. Fuga veritatis dicta adipisci suscipit dicta.', 3, '2018-09-22 10:14:45', '2018-09-22 10:14:45'),
(32, 13, 'Bryon Stehr', 'Consequatur illo sed autem et molestiae. Quas omnis odio dolor sint quae. Quia ut ipsum vel sint.', 5, '2018-09-22 10:14:45', '2018-09-22 10:14:45'),
(33, 76, 'Edwina Barrows Jr.', 'Est recusandae molestiae reprehenderit id laborum sit sit. Ut suscipit suscipit sint et distinctio veniam. Ut ut alias accusantium nemo sed. Laborum voluptatem amet magni voluptate optio quia non.', 2, '2018-09-22 10:14:45', '2018-09-22 10:14:45'),
(34, 34, 'Mr. Timmothy Mills', 'Qui delectus vel beatae. Laborum maiores dolores commodi earum consequuntur sit sit. Neque tenetur quisquam minus voluptas.', 1, '2018-09-22 10:14:45', '2018-09-22 10:14:45'),
(35, 86, 'Rashad Bednar', 'Nesciunt eos consequuntur quisquam a laboriosam. Et et impedit voluptatem iste. Adipisci sequi vel quae autem magnam. Vero porro officiis sit nisi repellendus molestias quia.', 0, '2018-09-22 10:14:45', '2018-09-22 10:14:45'),
(36, 51, 'Mrs. Nellie Fahey DVM', 'Voluptate non tempora deleniti sunt. Quas eius veritatis et libero numquam aut. Id omnis maxime perferendis numquam. Hic praesentium nihil recusandae ipsa rerum nobis.', 3, '2018-09-22 10:14:45', '2018-09-22 10:14:45'),
(37, 98, 'Prof. Tevin Swift', 'Ipsa alias natus architecto voluptas aut deleniti corporis. Harum incidunt nemo esse dolorem. Ex ex dicta sed et eveniet ullam praesentium quis.', 5, '2018-09-22 10:14:45', '2018-09-22 10:14:45'),
(38, 76, 'Teagan Leannon', 'Culpa non ipsam dolores. Optio beatae mollitia quaerat. Adipisci est ea quod velit nesciunt recusandae distinctio. Vero quas dicta qui ut.', 4, '2018-09-22 10:14:45', '2018-09-22 10:14:45'),
(39, 61, 'Miss Alexandrine Huel', 'Aliquam culpa quia facilis voluptas. Sint maiores doloremque quisquam quo dolore modi. Eligendi nihil sint molestiae ad tenetur eaque excepturi. Perferendis aut magnam quo et illum provident beatae.', 0, '2018-09-22 10:14:45', '2018-09-22 10:14:45'),
(40, 60, 'Dr. Bethel Tromp DVM', 'Ipsam consectetur est aut impedit. Cum in velit aperiam necessitatibus ut aut. Sit nisi est cum perferendis quia. Molestiae reprehenderit ut rerum autem ducimus error eveniet.', 3, '2018-09-22 10:14:45', '2018-09-22 10:14:45'),
(41, 98, 'Prof. Leif Crona Jr.', 'Iure consequuntur voluptatem ullam. Quia nostrum sint tempora minima sequi. Voluptate fugit explicabo deserunt illo.', 3, '2018-09-22 10:14:45', '2018-09-22 10:14:45'),
(42, 40, 'Percy Williamson Jr.', 'Rem quibusdam voluptatum incidunt vitae autem. Reprehenderit consequatur modi hic esse quos ullam. Magni ipsa consectetur incidunt voluptatem. Laudantium laborum provident esse in dolorum veritatis.', 5, '2018-09-22 10:14:45', '2018-09-22 10:14:45'),
(43, 34, 'Syble Jaskolski II', 'Animi sequi et eveniet quam ut. Eos ipsam itaque ad aut aut odit odio. Ut iusto quis et id necessitatibus ullam.', 3, '2018-09-22 10:14:45', '2018-09-22 10:14:45'),
(44, 67, 'Gabriella Dicki III', 'Accusantium inventore dolorum facere maxime ad. In laboriosam quaerat ipsa voluptate distinctio. Aliquid nemo corrupti quas.', 2, '2018-09-22 10:14:45', '2018-09-22 10:14:45'),
(45, 89, 'Mrs. Estefania Koch DDS', 'Similique et ut qui. Animi alias consequatur exercitationem ut est eius exercitationem molestiae. Corporis quia rem magni id consequatur fugiat nam neque. Placeat voluptatem reiciendis deserunt iure delectus ea quibusdam.', 4, '2018-09-22 10:14:45', '2018-09-22 10:14:45'),
(46, 36, 'Natasha Shanahan', 'Et eaque a sint dolores dignissimos aspernatur. Quaerat et quam repellat autem corporis molestias voluptatem. Assumenda quaerat non possimus in a deleniti.', 2, '2018-09-22 10:14:45', '2018-09-22 10:14:45'),
(47, 74, 'Dr. Lizeth Beatty', 'Ab dolore unde consequuntur ea ipsa tenetur ratione dolorem. Nobis et sit autem nobis accusantium omnis ut expedita. Temporibus molestiae laborum nihil doloremque et.', 4, '2018-09-22 10:14:45', '2018-09-22 10:14:45'),
(48, 90, 'Gregg Hessel', 'Perspiciatis qui molestiae amet animi velit laboriosam. Laudantium repudiandae aliquam earum dolores voluptatem nulla. Dolorem ipsam velit omnis dolorem sit in.', 0, '2018-09-22 10:14:45', '2018-09-22 10:14:45'),
(49, 8, 'Mrs. Audrey Homenick', 'Reprehenderit dolores temporibus ut consectetur id exercitationem. Praesentium distinctio ducimus a sit esse praesentium est. Amet dolorum dolorem aspernatur sequi.', 0, '2018-09-22 10:14:45', '2018-09-22 10:14:45'),
(50, 13, 'Gussie Metz', 'Ut debitis impedit repellendus quia necessitatibus. Ipsum voluptatem quasi tenetur ut eaque optio voluptatum. Et autem dolores magni consequuntur saepe voluptatem.', 1, '2018-09-22 10:14:45', '2018-09-22 10:14:45'),
(51, 10, 'Tyrel Mosciski III', 'Molestias architecto voluptatem sit nesciunt non. Est voluptates distinctio beatae rerum qui. At maiores est similique at occaecati doloremque.', 2, '2018-09-22 10:14:45', '2018-09-22 10:14:45'),
(52, 19, 'Mariano Grady', 'Rerum sequi rerum unde officiis exercitationem. Saepe dolorem facilis sit nam. Quasi ducimus impedit suscipit repudiandae.', 3, '2018-09-22 10:14:45', '2018-09-22 10:14:45'),
(53, 95, 'Delphine Welch II', 'Exercitationem reiciendis nobis qui quod voluptas consequatur ea. Dolor corrupti unde ut est vel asperiores et. Qui ut cumque fugiat ipsa et. Provident voluptate in dolores quidem. Voluptatem ipsam cum deserunt dolores ullam nulla.', 3, '2018-09-22 10:14:45', '2018-09-22 10:14:45'),
(54, 48, 'Candace Johnson', 'Odit perferendis quidem cumque. Neque aut ut ea dolores sunt deserunt quia.', 5, '2018-09-22 10:14:45', '2018-09-22 10:14:45'),
(55, 59, 'Lucio Franecki', 'Optio recusandae saepe labore. Aut vel exercitationem accusantium est et est. Nobis voluptatibus recusandae et id sapiente laborum nulla quas. Rerum esse vel voluptatum reprehenderit.', 0, '2018-09-22 10:14:45', '2018-09-22 10:14:45'),
(56, 100, 'Dr. Tyshawn Zulauf Sr.', 'Pariatur ut nostrum numquam non et dolorem. Vel et necessitatibus deserunt tenetur nulla ut. Dolor eligendi est nesciunt.', 0, '2018-09-22 10:14:45', '2018-09-22 10:14:45'),
(57, 100, 'Ulises Lehner', 'Ut beatae dignissimos totam ea. Et est itaque rem sequi totam. Omnis omnis quae qui quod aut esse. Ea sed reprehenderit omnis dignissimos recusandae in necessitatibus.', 0, '2018-09-22 10:14:45', '2018-09-22 10:14:45'),
(58, 32, 'Dusty Koepp', 'Occaecati et voluptatem ullam consequatur. Dignissimos autem vel quas explicabo est tempora officia. Qui aliquid quo impedit voluptatem est.', 3, '2018-09-22 10:14:45', '2018-09-22 10:14:45'),
(59, 71, 'Dejah Rohan II', 'Quia non dolores vero aut atque est non fugiat. Est consequatur ipsam recusandae quas reiciendis illo.', 3, '2018-09-22 10:14:45', '2018-09-22 10:14:45'),
(60, 82, 'Ceasar Powlowski', 'Aut ea quos qui eos minus dolor provident. Officia quod autem explicabo cum ea non. Placeat consectetur eius officiis iure ea. Nisi sed soluta consectetur porro veritatis.', 4, '2018-09-22 10:14:45', '2018-09-22 10:14:45'),
(61, 56, 'Zackary Witting', 'At ea qui qui aut corporis et. Facilis repellat eligendi rerum nam perspiciatis sit. Aut aut aliquam rerum excepturi error. Perspiciatis non pariatur dolorem corrupti et ea.', 4, '2018-09-22 10:14:45', '2018-09-22 10:14:45'),
(62, 44, 'Leola Ledner', 'Omnis ab consequuntur atque iusto. Voluptatum et omnis ullam eligendi adipisci aut ex. Repellendus quod possimus quo cupiditate aut deleniti rerum. Est aperiam doloribus non sapiente quis.', 2, '2018-09-22 10:14:45', '2018-09-22 10:14:45'),
(63, 49, 'Lauriane Hayes', 'Officia doloribus voluptates aut natus neque et maxime. Rerum aut illum dolor iure. Veniam quo aut ut quam inventore amet. Officia voluptatum est et quam provident tempora.', 4, '2018-09-22 10:14:45', '2018-09-22 10:14:45'),
(64, 30, 'Astrid Dickens III', 'Perspiciatis sit nobis quia nostrum magnam. Recusandae minus quod veniam incidunt et. Dicta quidem omnis dolorum.', 0, '2018-09-22 10:14:45', '2018-09-22 10:14:45'),
(65, 83, 'Casper Harris', 'Qui inventore dolore a et magnam est odio. Rem similique adipisci excepturi voluptatem quisquam enim est placeat. Sint rerum iure esse omnis deleniti veritatis.', 1, '2018-09-22 10:14:45', '2018-09-22 10:14:45'),
(66, 61, 'Katherine Bartoletti', 'Consequatur est omnis sed beatae ea sequi veritatis. Qui rerum inventore dignissimos dolor sed corrupti sunt.', 3, '2018-09-22 10:14:45', '2018-09-22 10:14:45'),
(67, 55, 'Eleazar Leuschke II', 'Ducimus illum corrupti ducimus. Ad ullam molestiae exercitationem magnam ut. Quae est id culpa nemo quae libero voluptas qui.', 0, '2018-09-22 10:14:45', '2018-09-22 10:14:45'),
(68, 58, 'Jess Willms', 'Voluptatibus excepturi in ut dolores. Recusandae nihil commodi molestiae quam eum id. Perspiciatis architecto est consequatur adipisci qui. Omnis sit esse sit et.', 1, '2018-09-22 10:14:45', '2018-09-22 10:14:45'),
(69, 87, 'Isabell Jerde', 'Eum saepe nisi et et. Fuga voluptate molestiae est tempore. Perspiciatis nihil illum eum quidem quos.', 0, '2018-09-22 10:14:45', '2018-09-22 10:14:45'),
(70, 26, 'Eusebio Wiegand', 'Ut suscipit sit voluptatibus. Quam aspernatur rerum ipsum doloremque molestiae et vel. Illum est itaque similique ullam voluptates. Et exercitationem eius omnis consequatur.', 2, '2018-09-22 10:14:45', '2018-09-22 10:14:45'),
(71, 79, 'Callie Hane DVM', 'Voluptates velit quis et distinctio distinctio et. Aliquid rerum est ut harum ea veritatis. Iure culpa recusandae qui saepe quas porro voluptatum.', 1, '2018-09-22 10:14:45', '2018-09-22 10:14:45'),
(72, 9, 'Christina Moen', 'Ipsam occaecati quis possimus ut et molestiae quod. Eum voluptatem voluptate qui aperiam et libero quaerat.', 0, '2018-09-22 10:14:45', '2018-09-22 10:14:45'),
(73, 11, 'Dr. Sylvia Mosciski', 'Sunt sed a nobis fuga quia adipisci rerum sit. Aut laboriosam odit neque et mollitia. Impedit dolor ab repellat adipisci est corporis. Deleniti voluptate nobis molestiae voluptates.', 3, '2018-09-22 10:14:45', '2018-09-22 10:14:45'),
(74, 90, 'Mr. Devyn Schulist', 'Ut culpa eligendi qui laborum nihil similique sunt. Amet eligendi qui nulla qui est rem qui. Odit qui fugit minus voluptas iusto.', 5, '2018-09-22 10:14:46', '2018-09-22 10:14:46'),
(75, 75, 'Prof. Marley Franecki III', 'Ullam et eius sequi sunt. Voluptatibus consequuntur incidunt sapiente saepe excepturi quam molestiae dolore.', 4, '2018-09-22 10:14:46', '2018-09-22 10:14:46'),
(76, 45, 'Prof. Andreane Raynor Jr.', 'Qui iste optio aut. Fugiat numquam necessitatibus quas beatae. Odit ea quia quis voluptates cumque provident pariatur quam.', 5, '2018-09-22 10:14:46', '2018-09-22 10:14:46'),
(77, 44, 'Fannie Pagac', 'Quam vel eum non iure repudiandae architecto. A molestiae ut sunt velit dolorem. Eum deserunt ut molestias autem. Explicabo beatae quidem et.', 5, '2018-09-22 10:14:46', '2018-09-22 10:14:46'),
(78, 44, 'Crystel Macejkovic', 'Et esse consequatur omnis neque itaque perspiciatis est pariatur. Temporibus rerum nemo in reprehenderit quo. Eum vero consequuntur ipsum molestias vero delectus soluta repellat.', 2, '2018-09-22 10:14:46', '2018-09-22 10:14:46'),
(79, 17, 'Camille Gleason', 'Est voluptatibus temporibus similique ducimus ducimus consequatur. Eius ea harum temporibus voluptatum quos aut quam ut. Necessitatibus voluptatem nihil facere a quia quos voluptatum.', 4, '2018-09-22 10:14:46', '2018-09-22 10:14:46'),
(80, 28, 'Madilyn Prosacco', 'Quisquam amet tempora non omnis veritatis non ratione. Iusto hic tenetur nemo ut. Incidunt voluptates nulla et ex. Enim minus quia eligendi enim neque temporibus.', 3, '2018-09-22 10:14:46', '2018-09-22 10:14:46'),
(81, 42, 'Scarlett Dickens', 'Necessitatibus harum fugit qui sequi in. Accusantium earum quibusdam consequatur deserunt odio aut. Quia in accusamus et eum. Pariatur et ipsum numquam saepe velit ea.', 2, '2018-09-22 10:14:46', '2018-09-22 10:14:46'),
(82, 26, 'Dr. Jordon O\'Keefe Sr.', 'Consequatur quisquam sunt tempore nisi. Quis sed dolorem quae nihil atque quas. Magnam quibusdam est magni occaecati ipsum eum fuga. Blanditiis quia dignissimos voluptates et rerum voluptas eos. Amet et voluptatem soluta illum occaecati beatae dolor.', 1, '2018-09-22 10:14:46', '2018-09-22 10:14:46'),
(83, 18, 'Jarrod Blanda', 'Quo inventore reiciendis a et et quam odio. Aut ut debitis veniam doloribus. Exercitationem consequatur esse eos aperiam minus. Exercitationem rerum dolorum est magnam soluta delectus nisi. Dolor quae animi distinctio adipisci molestiae architecto rerum assumenda.', 1, '2018-09-22 10:14:46', '2018-09-22 10:14:46'),
(84, 4, 'Sheldon Padberg II', 'Ipsa delectus reiciendis aut sunt est. Quis dolore praesentium minima labore repellat sed. Odit dolores consequatur dolorem modi nulla omnis. Ullam provident id nostrum vel.', 4, '2018-09-22 10:14:46', '2018-09-22 10:14:46'),
(85, 60, 'Karina DuBuque', 'Distinctio nobis error cupiditate ut iusto et. Quam et non aliquid autem itaque cupiditate quos. Qui quas enim debitis et nihil eos. Unde dolorem accusamus voluptatibus velit incidunt iusto.', 0, '2018-09-22 10:14:46', '2018-09-22 10:14:46'),
(86, 10, 'Stacey Kiehn', 'Neque doloremque quo consequatur aut nisi eius. Quo animi sunt ullam fugit. Dicta placeat iusto provident.', 5, '2018-09-22 10:14:46', '2018-09-22 10:14:46'),
(87, 32, 'Blaze Trantow', 'Doloremque possimus possimus et soluta sunt non blanditiis. Alias at et quas voluptates. Et quia illum maiores minus sint fuga.', 0, '2018-09-22 10:14:46', '2018-09-22 10:14:46'),
(88, 66, 'Prof. Hardy Steuber', 'Qui est sint ea. Ex velit quam quam. Ut autem aspernatur et adipisci.', 5, '2018-09-22 10:14:46', '2018-09-22 10:14:46'),
(89, 17, 'Raegan Gutkowski', 'Enim earum impedit velit eos et voluptatem officia. Praesentium aut unde commodi magnam labore fugiat quasi. Aliquam occaecati repellendus rerum.', 1, '2018-09-22 10:14:46', '2018-09-22 10:14:46'),
(90, 58, 'Deon Koss III', 'Placeat quod impedit minima ea placeat. Nihil iusto expedita repellendus molestiae adipisci est et. Dolor molestias minus architecto aut voluptas. Tenetur ab voluptas alias reiciendis ullam ut.', 0, '2018-09-22 10:14:46', '2018-09-22 10:14:46'),
(91, 54, 'Francis Sipes', 'Id atque quibusdam blanditiis ab dolorem. Sit omnis suscipit quia nobis quam. A aut aut fuga omnis.', 2, '2018-09-22 10:14:46', '2018-09-22 10:14:46'),
(92, 9, 'Gabe Kemmer', 'Excepturi occaecati quod distinctio dolorem corrupti modi. Sint et et unde porro. Sit repellendus dicta ipsa vel itaque. Molestias alias qui rerum voluptate aliquam eaque itaque est.', 1, '2018-09-22 10:14:46', '2018-09-22 10:14:46'),
(93, 76, 'Jazmyn Schoen', 'Consequuntur esse non cupiditate qui. Velit distinctio expedita ut error officia. Quam laudantium assumenda cumque numquam. Quis ipsa et eveniet earum beatae odio aut.', 1, '2018-09-22 10:14:46', '2018-09-22 10:14:46'),
(94, 50, 'Loraine Morar DVM', 'Deserunt deserunt et sit aperiam voluptatem et maxime. Eum nulla voluptatibus laborum facere distinctio dolor quo.', 2, '2018-09-22 10:14:46', '2018-09-22 10:14:46'),
(95, 61, 'Una Howe', 'Unde perferendis ipsa ut blanditiis rerum in minus repellat. Iusto itaque aut omnis voluptas architecto qui repudiandae. Cupiditate sunt dolorem aut assumenda.', 1, '2018-09-22 10:14:46', '2018-09-22 10:14:46'),
(96, 45, 'Norwood West', 'Qui quo nobis consequatur dolores tenetur tempora ab quis. Vel maiores eos et sit non. Adipisci consectetur praesentium corrupti quos eligendi sit quia.', 0, '2018-09-22 10:14:46', '2018-09-22 10:14:46'),
(97, 13, 'Rigoberto Rau', 'Sunt sed non illo est qui sunt perferendis dicta. Aut et atque nisi adipisci unde excepturi molestiae. Voluptatem ea exercitationem cupiditate et.', 1, '2018-09-22 10:14:46', '2018-09-22 10:14:46'),
(98, 78, 'Sharon Trantow', 'Quia non labore dolorum animi occaecati. Minima dicta quam ab fugiat consequuntur eum. Quaerat tempora ut et qui.', 4, '2018-09-22 10:14:46', '2018-09-22 10:14:46'),
(99, 59, 'Lonnie Swift IV', 'Consequatur non quas aut sit. Rem ut ut illo veniam earum. Sunt cum earum qui sequi molestiae id. Quia quis dolore in eos voluptate sint.', 4, '2018-09-22 10:14:46', '2018-09-22 10:14:46'),
(100, 58, 'Colby McLaughlin', 'Quo dolorum eveniet ut inventore maxime voluptates. Sint illum eius voluptate. Minima est ut et minus.', 2, '2018-09-22 10:14:46', '2018-09-22 10:14:46'),
(101, 62, 'Prof. Sidney Macejkovic PhD', 'Et fuga neque dolores a ipsum. Quod quas sed nobis. Eos doloribus facilis est consequatur autem porro. Exercitationem pariatur sunt facere et.', 1, '2018-09-22 10:14:46', '2018-09-22 10:14:46'),
(102, 65, 'Dr. Vita Stanton', 'Consequuntur vero dolores velit. Ex modi et et delectus. Pariatur magnam ullam ipsam eveniet doloremque.', 3, '2018-09-22 10:14:46', '2018-09-22 10:14:46'),
(103, 22, 'Miss Sincere Borer PhD', 'Accusamus delectus omnis aliquid qui iste voluptatem. Officia aliquid officiis laboriosam. Voluptate harum facilis voluptas pariatur et fugiat vel. Laudantium facilis consectetur possimus saepe esse aut.', 5, '2018-09-22 10:14:46', '2018-09-22 10:14:46'),
(104, 89, 'Nova Prosacco III', 'Voluptatum est et sit qui accusantium. Perferendis blanditiis inventore nesciunt voluptatum accusamus et beatae. Minima consectetur hic doloremque omnis est. Eum ipsum mollitia quae voluptatem eos voluptatem.', 4, '2018-09-22 10:14:46', '2018-09-22 10:14:46'),
(105, 61, 'Modesta Koch', 'Ut laborum nemo adipisci ut eos. Est quia reiciendis recusandae voluptatum voluptatem. Sint suscipit dolores odit.', 0, '2018-09-22 10:14:46', '2018-09-22 10:14:46'),
(106, 23, 'Ted Ondricka', 'Est maiores nihil molestias nesciunt quas voluptas molestiae. Quas omnis reprehenderit quo expedita est. Nam quisquam est non enim nesciunt sint.', 4, '2018-09-22 10:14:46', '2018-09-22 10:14:46'),
(107, 47, 'Tito White', 'Deleniti architecto expedita fugit aut dicta in. Voluptatem blanditiis voluptas est. Cumque placeat nam error pariatur.', 4, '2018-09-22 10:14:46', '2018-09-22 10:14:46'),
(108, 48, 'Angus Rau IV', 'Quia atque eligendi qui quisquam eos doloribus. Ut optio laboriosam qui maxime suscipit id voluptates voluptatem. Omnis in earum ducimus aperiam libero minima.', 2, '2018-09-22 10:14:46', '2018-09-22 10:14:46'),
(109, 69, 'Roger Schamberger', 'Placeat fugit id nobis magni recusandae consectetur. Quasi rerum mollitia veniam voluptatem. Et et minus est ut.', 2, '2018-09-22 10:14:46', '2018-09-22 10:14:46'),
(110, 10, 'Kenya Hickle', 'Nihil molestias delectus beatae quia. Necessitatibus ipsam molestiae suscipit rem optio est nobis. Necessitatibus occaecati quidem adipisci quo laudantium perferendis qui. Est qui rerum pariatur doloribus et.', 1, '2018-09-22 10:14:46', '2018-09-22 10:14:46'),
(111, 39, 'Rodrigo Goodwin', 'Soluta sint dolores nobis atque quae tenetur sint. A doloremque vero illo eos tempore est voluptatibus labore. Dolorem doloribus totam cumque deleniti. Et cumque aut qui aut quisquam hic a. Ipsam labore qui iusto odit.', 5, '2018-09-22 10:14:46', '2018-09-22 10:14:46'),
(112, 3, 'Modesta Bauch', 'Optio quis aut distinctio neque perferendis aspernatur. Dignissimos voluptatem et voluptates labore eum alias non. Ratione voluptatem aperiam qui similique.', 1, '2018-09-22 10:14:47', '2018-09-22 10:14:47'),
(113, 82, 'Richie Morissette DVM', 'Sed illum nemo ea distinctio natus et voluptas. Eum mollitia quis consequuntur voluptate excepturi vero quis. Reiciendis recusandae temporibus aut quos architecto dolores sed.', 3, '2018-09-22 10:14:47', '2018-09-22 10:14:47'),
(114, 74, 'Baron Bechtelar', 'Dolores dolor recusandae et numquam sequi. Ut non earum qui quo velit recusandae repellendus. Itaque consequatur et nihil quam quo. Iste distinctio reiciendis exercitationem saepe possimus.', 2, '2018-09-22 10:14:47', '2018-09-22 10:14:47'),
(115, 41, 'Paris Cormier', 'Ut aliquam quia provident officiis cumque ducimus. Eum iste aliquid velit ut eos nostrum nesciunt. Numquam officia hic ea pariatur dolorem nesciunt. Rerum exercitationem autem sed.', 4, '2018-09-22 10:14:47', '2018-09-22 10:14:47'),
(116, 15, 'Miss Bryana Runte Sr.', 'Quo perferendis aut voluptatibus animi ut. Accusamus corrupti dolores et. Autem quia eum omnis expedita rerum minima laborum.', 3, '2018-09-22 10:14:47', '2018-09-22 10:14:47'),
(117, 90, 'Rossie Graham III', 'Commodi numquam velit qui quae repellat ut. Est corporis ut porro sunt ullam sed. Vel quia similique repellat quasi et non. Omnis fuga at ea.', 1, '2018-09-22 10:14:47', '2018-09-22 10:14:47'),
(118, 69, 'Retta Homenick', 'At blanditiis voluptatem aut et voluptatum perferendis aut. Est mollitia qui at qui blanditiis inventore. Et et fugiat saepe culpa sit sed. Similique ut molestias voluptatem qui.', 1, '2018-09-22 10:14:47', '2018-09-22 10:14:47'),
(119, 76, 'Hudson Hauck III', 'Asperiores provident ullam perferendis veritatis animi dolorem id. Veniam ullam provident eos error officiis. Quidem quasi voluptatum et eos sed.', 0, '2018-09-22 10:14:47', '2018-09-22 10:14:47'),
(120, 42, 'Daren Feeney', 'Veritatis impedit aliquam sunt sint. Recusandae dolore voluptatum aut cumque est est sit. Voluptatibus qui numquam vel tempore rerum et tempora.', 0, '2018-09-22 10:14:47', '2018-09-22 10:14:47'),
(121, 12, 'Dr. Roscoe Rempel', 'Sed ut sed atque voluptatum recusandae est voluptatibus reprehenderit. Expedita et quisquam cum eos vero repellendus accusamus. Et ratione voluptatem rerum ut. Et est quia asperiores unde. Rem tempora consectetur quod occaecati voluptatem reprehenderit.', 0, '2018-09-22 10:14:47', '2018-09-22 10:14:47'),
(122, 45, 'Penelope Hoppe IV', 'Cupiditate officia autem culpa enim cupiditate in est. Animi sit asperiores qui omnis quas iure itaque. Dolorem quo qui non dolor maxime. Nemo dolorem architecto pariatur in ut.', 1, '2018-09-22 10:14:47', '2018-09-22 10:14:47'),
(123, 2, 'Tyshawn Wisoky Sr.', 'Velit alias aliquid incidunt quo officiis enim. Eaque laborum temporibus odit et ea. Sit sed placeat nihil.', 4, '2018-09-22 10:14:47', '2018-09-22 10:14:47'),
(124, 3, 'Osvaldo Howe', 'Aut officia et quod officiis. Quia ut incidunt suscipit. Natus aliquam sit officia dolores aut est. Sint consequatur doloremque itaque labore.', 3, '2018-09-22 10:14:47', '2018-09-22 10:14:47'),
(125, 59, 'Theresia Lemke', 'Ipsam sint facere suscipit eaque. A beatae eveniet cumque. Exercitationem fuga nemo id omnis.', 2, '2018-09-22 10:14:47', '2018-09-22 10:14:47'),
(126, 90, 'Bethany Paucek', 'Sed in molestiae veritatis in. Quia quo natus tenetur eum ut ullam. Eum laudantium tempora et ut tempore eius. Porro autem aut sequi voluptatem.', 2, '2018-09-22 10:14:47', '2018-09-22 10:14:47'),
(127, 63, 'Prof. Liana Stanton', 'Cupiditate omnis eligendi rerum dolore officiis reprehenderit. Error sunt consequatur voluptas explicabo. Laudantium distinctio praesentium vero repudiandae facere dolorem. Aspernatur eligendi qui dicta in.', 4, '2018-09-22 10:14:47', '2018-09-22 10:14:47'),
(128, 76, 'Prof. Coralie Kreiger PhD', 'Reiciendis amet accusamus quod voluptatem sequi exercitationem. Explicabo aut quasi est aut dicta natus similique. Labore aut praesentium nihil optio omnis autem inventore occaecati.', 2, '2018-09-22 10:14:47', '2018-09-22 10:14:47'),
(129, 42, 'Miss Mertie Bashirian', 'Rerum molestiae perspiciatis voluptates est consequuntur et doloremque sit. Nesciunt et et expedita. Et qui tempora qui commodi et quisquam.', 2, '2018-09-22 10:14:47', '2018-09-22 10:14:47'),
(130, 68, 'Josiane Weimann', 'Accusamus qui aliquid et praesentium. Et nihil sunt maiores quia corporis dolores ullam. Fugiat sint placeat voluptatum consequatur aspernatur error repudiandae tempore.', 3, '2018-09-22 10:14:47', '2018-09-22 10:14:47'),
(131, 9, 'Camren Hodkiewicz', 'Tempora quibusdam deserunt fugit dolores similique asperiores. Et qui aliquam expedita neque non optio iusto. Voluptas hic dolorum accusamus accusamus provident similique dolore.', 5, '2018-09-22 10:14:47', '2018-09-22 10:14:47'),
(132, 69, 'Justine Will', 'Sed maiores fugit corporis dolorem. In corporis qui enim quasi explicabo veniam distinctio. Reiciendis necessitatibus consequatur sint aut eum blanditiis et est. Temporibus nihil quibusdam tempore deleniti.', 1, '2018-09-22 10:14:47', '2018-09-22 10:14:47'),
(133, 36, 'Roberto Hoppe DDS', 'Sint eos nesciunt autem quidem. Beatae commodi quis est corrupti tenetur libero quasi. Occaecati officiis veniam aut.', 1, '2018-09-22 10:14:47', '2018-09-22 10:14:47'),
(134, 9, 'Richmond Roob', 'Harum ratione et commodi quia. Cupiditate culpa adipisci ut doloribus excepturi modi. Iusto rem quibusdam molestiae placeat pariatur nihil quisquam. Iste sed dolorum cupiditate facere exercitationem ut eveniet animi.', 4, '2018-09-22 10:14:47', '2018-09-22 10:14:47'),
(135, 49, 'Sadie Spencer Jr.', 'In quod assumenda nisi sint sed. Ut placeat ex consequatur illum placeat. Porro totam est ut eum in et eligendi.', 1, '2018-09-22 10:14:47', '2018-09-22 10:14:47'),
(136, 48, 'Prof. Kendrick Ernser', 'Veniam eius aliquam dignissimos. Eius commodi veniam nihil laborum. Culpa consectetur reprehenderit esse. Vero vel non quidem iste sequi quidem dolor.', 2, '2018-09-22 10:14:47', '2018-09-22 10:14:47'),
(137, 2, 'Lela Gaylord', 'Tenetur quia impedit modi quia aut. Vel quia rem beatae esse aut. Suscipit qui reiciendis architecto ratione nihil. Maiores nam consequatur quas at ipsam minima.', 1, '2018-09-22 10:14:47', '2018-09-22 10:14:47'),
(138, 95, 'Prof. Wilfredo Gulgowski DVM', 'Dicta aut quaerat ea vel illo ipsum. Et velit praesentium fugit at voluptatem vel. Labore eum ad et est qui.', 2, '2018-09-22 10:14:47', '2018-09-22 10:14:47'),
(139, 60, 'Pierce Wilkinson', 'Qui modi autem qui facere. Ipsam ea fugit nam natus ducimus deserunt. Et ratione cum voluptatem ducimus blanditiis excepturi libero.', 5, '2018-09-22 10:14:47', '2018-09-22 10:14:47'),
(140, 26, 'Miss Antoinette Berge', 'Similique non natus dolores culpa similique sint nihil. Porro sit repudiandae est architecto. Ullam corrupti tempora quia quo dolorum amet et.', 1, '2018-09-22 10:14:47', '2018-09-22 10:14:47'),
(141, 25, 'Edmund Runolfsdottir', 'Dolores minus sed earum esse ea. Qui deleniti voluptatem officia enim cupiditate dignissimos. Quibusdam voluptatem illum enim voluptates ipsum. Aperiam explicabo voluptas omnis qui eos nemo.', 1, '2018-09-22 10:14:47', '2018-09-22 10:14:47'),
(142, 48, 'Hassie Crist', 'Error eaque quia magni sunt dolorem consectetur quaerat. Non voluptatem id quo soluta animi laborum facere ab. Provident aperiam sed dolor veniam ducimus. Non aperiam aut eum alias neque enim placeat nulla.', 5, '2018-09-22 10:14:47', '2018-09-22 10:14:47'),
(143, 39, 'Chyna Morar', 'Eum odit sint debitis molestiae. Voluptates molestiae quia et reprehenderit quia voluptates reiciendis. Deserunt provident officia hic odit neque rerum non.', 2, '2018-09-22 10:14:47', '2018-09-22 10:14:47'),
(144, 6, 'Dillon Hintz MD', 'Quo dolore soluta ad. Aut voluptatem occaecati non perferendis dolore blanditiis tempore. Accusamus esse voluptatem adipisci ducimus aperiam. Et voluptatem labore suscipit iusto.', 0, '2018-09-22 10:14:47', '2018-09-22 10:14:47'),
(145, 4, 'Werner Feest', 'Exercitationem exercitationem quae sequi occaecati. Ipsa accusantium non exercitationem sint quia. Illum itaque qui adipisci officia. Voluptate nulla provident ipsa eveniet ducimus aspernatur. Repudiandae sint nihil et.', 3, '2018-09-22 10:14:47', '2018-09-22 10:14:47'),
(146, 58, 'Candida McLaughlin', 'Officia nam adipisci explicabo hic optio sint minus. Exercitationem libero adipisci ut exercitationem. Sed doloremque et voluptates sit molestiae. Dolores aliquam corrupti laudantium omnis tempora esse.', 4, '2018-09-22 10:14:47', '2018-09-22 10:14:47'),
(147, 68, 'Ms. Cheyanne Wyman Jr.', 'Dicta odio officia molestias quia. Atque ut ipsam eligendi esse impedit dolor ut. Optio fuga illo est beatae et. Voluptas omnis in commodi quisquam blanditiis.', 1, '2018-09-22 10:14:47', '2018-09-22 10:14:47'),
(148, 74, 'Dayna Volkman', 'Quidem et tempore amet ut porro. Nam dolorem dolore nulla quia. Qui quos nobis quis est at amet. Inventore dignissimos debitis voluptate a consequatur reprehenderit.', 2, '2018-09-22 10:14:48', '2018-09-22 10:14:48'),
(149, 69, 'Prof. Marques Casper', 'Qui magni deserunt ullam amet reprehenderit tempore. Voluptates et blanditiis deleniti numquam. Et sequi aliquam eligendi accusantium sit. Sapiente ea et nulla eveniet. Aliquam sed laboriosam est sed.', 5, '2018-09-22 10:14:48', '2018-09-22 10:14:48'),
(150, 97, 'Prince Roberts', 'Magnam autem nam aperiam adipisci ut vel laborum. Quas autem itaque sequi id fugiat repellat harum quam. Ut magni rem unde est. Explicabo voluptatibus est magni sit dolore consequuntur natus sunt.', 3, '2018-09-22 10:14:48', '2018-09-22 10:14:48'),
(151, 68, 'Mrs. Claudia Emmerich II', 'Corrupti qui ut tempora quidem. Facere explicabo optio autem vel. Impedit nam voluptatem dolorem illum.', 4, '2018-09-22 10:14:48', '2018-09-22 10:14:48'),
(152, 92, 'Mrs. Samantha Lesch', 'Facere et quos dicta necessitatibus et. Omnis sit animi dolorem quia sit non. Consequatur quod culpa qui animi cupiditate aut.', 1, '2018-09-22 10:14:48', '2018-09-22 10:14:48'),
(153, 18, 'Maya Macejkovic II', 'Non ratione sit dolor quidem corporis qui. Numquam veniam rem ab nisi. Cupiditate quidem cum eaque error.', 3, '2018-09-22 10:14:48', '2018-09-22 10:14:48'),
(154, 32, 'Prof. Bryana Langworth', 'Vel perspiciatis non iusto eius eligendi iusto. Ut odit blanditiis similique adipisci excepturi incidunt ipsum corrupti. Quasi et laboriosam consequatur necessitatibus vitae. Maxime quia quisquam aliquam.', 4, '2018-09-22 10:14:48', '2018-09-22 10:14:48'),
(155, 3, 'Prof. Declan Buckridge', 'Dolor voluptate eos ut alias eligendi sapiente odit. Temporibus et omnis adipisci minima. Dignissimos quae dolorem aliquid. Soluta laborum nobis ipsam repellendus ea expedita molestias.', 0, '2018-09-22 10:14:48', '2018-09-22 10:14:48'),
(156, 18, 'Prof. Porter Ondricka Jr.', 'Repellat repellat aut facilis delectus dolores nobis. Qui quia nisi aperiam autem nobis. Rerum est inventore dolorum id quaerat aliquam voluptatum. Aut iste inventore ea a.', 3, '2018-09-22 10:14:48', '2018-09-22 10:14:48'),
(157, 97, 'Mr. Lyric Ledner', 'Praesentium totam sit consectetur aut accusantium. Quasi autem iste vitae consequuntur omnis hic. Ratione sit repudiandae dolore. Sequi placeat quo nesciunt ab praesentium ut.', 4, '2018-09-22 10:14:48', '2018-09-22 10:14:48'),
(158, 88, 'Jessyca Johns', 'Iste rem ab libero quia. Et maiores eligendi voluptatum optio voluptas et itaque reiciendis. Ex rerum et sint pariatur autem aut eveniet nihil. Iusto dicta sequi nobis omnis rem.', 2, '2018-09-22 10:14:48', '2018-09-22 10:14:48'),
(159, 1, 'Dr. Einar Emmerich', 'Explicabo dignissimos molestias et tenetur inventore et non. Omnis eligendi sit excepturi ea sit. Illo culpa sit vel qui repudiandae. Enim vel dignissimos voluptates accusantium aperiam suscipit ut. Vel dignissimos atque odit autem rerum esse.', 1, '2018-09-22 10:14:48', '2018-09-22 10:14:48'),
(160, 45, 'Grace Bogisich IV', 'Enim voluptas repellendus enim odit et aut perferendis quo. Reprehenderit et sed maiores optio ut esse tenetur. Ut illo odit voluptatem inventore quam suscipit.', 5, '2018-09-22 10:14:48', '2018-09-22 10:14:48'),
(161, 66, 'Dr. Pauline Torphy', 'Voluptates repellat maiores nemo illo rerum laborum ea. Quia fugit repudiandae voluptatem amet exercitationem. Ad magnam fugit asperiores temporibus voluptatem doloribus temporibus.', 4, '2018-09-22 10:14:48', '2018-09-22 10:14:48'),
(162, 50, 'Celestine Kertzmann', 'Qui ea sapiente qui repudiandae pariatur animi in. Minima quibusdam sequi deleniti aut et. Laudantium aut quo molestiae distinctio aut tempora ratione. Sint eveniet saepe aut similique voluptatum sed et.', 1, '2018-09-22 10:14:48', '2018-09-22 10:14:48'),
(163, 72, 'Ethyl Reilly', 'Ut et ullam deserunt aut qui. Provident sed vel saepe unde. Consequatur nobis delectus sit et sed sint. Nihil consequuntur illo id est praesentium aut assumenda.', 0, '2018-09-22 10:14:48', '2018-09-22 10:14:48'),
(164, 28, 'Garrick Yost IV', 'Deleniti architecto explicabo ducimus aut velit. Eos expedita iure quisquam dolores vel qui numquam. Iusto mollitia rerum nobis reprehenderit quia et. Magni velit qui facilis aut.', 5, '2018-09-22 10:14:48', '2018-09-22 10:14:48'),
(165, 24, 'Ms. Asa Howell Jr.', 'Consectetur rerum ea eveniet. Placeat repellendus nobis autem quidem magni laboriosam. Non rerum ex error ab. Dolor ab qui harum aut commodi vitae quibusdam id.', 2, '2018-09-22 10:14:48', '2018-09-22 10:14:48'),
(166, 27, 'Santina Willms I', 'Eaque aut aut illum mollitia illo consequatur perspiciatis provident. Dicta placeat beatae saepe. Minima molestias porro sed. A repellat voluptatum dolore rerum.', 3, '2018-09-22 10:14:48', '2018-09-22 10:14:48'),
(167, 66, 'Raphael Borer', 'Ipsam quis veritatis ad soluta voluptatem optio et. Omnis est voluptas maxime officiis sed ad. Quis minus autem eum magni non. Architecto quis est nihil magni. Distinctio enim voluptas minima et dolor.', 5, '2018-09-22 10:14:48', '2018-09-22 10:14:48'),
(168, 93, 'Reid Ondricka', 'Veritatis at quia omnis adipisci qui ipsam voluptatibus id. Quia dignissimos iste dolorem mollitia deserunt accusamus. Perferendis odit sint aut commodi itaque exercitationem. Modi magnam placeat quos molestiae asperiores rem. Quod et repellendus neque est officia dolores et sequi.', 3, '2018-09-22 10:14:48', '2018-09-22 10:14:48'),
(169, 56, 'Hulda Effertz', 'Animi iure sunt expedita repellendus. Molestias exercitationem ipsa id minima sed. Et nisi est aperiam molestiae.', 3, '2018-09-22 10:14:48', '2018-09-22 10:14:48'),
(170, 96, 'Marshall Fadel', 'Id illo consequatur qui deleniti minus velit. Debitis velit quis quasi suscipit.', 1, '2018-09-22 10:14:48', '2018-09-22 10:14:48'),
(171, 78, 'Josh Bashirian', 'Amet est itaque magni ipsam itaque minima voluptas. Assumenda est temporibus non dolores et.', 1, '2018-09-22 10:14:48', '2018-09-22 10:14:48'),
(172, 2, 'Blaze Kertzmann', 'Omnis praesentium expedita qui ut. Voluptates laboriosam at commodi rerum sunt saepe rerum qui. Inventore temporibus est commodi.', 5, '2018-09-22 10:14:48', '2018-09-22 10:14:48'),
(173, 6, 'Narciso Turcotte', 'Quis provident et et blanditiis animi unde illum. Eaque et exercitationem non sint reiciendis similique eos. Dolor sunt eum nihil et dicta quod unde est. Officiis sed quia laborum vel architecto. Ex voluptas non sapiente omnis.', 2, '2018-09-22 10:14:48', '2018-09-22 10:14:48'),
(174, 85, 'Dr. Lolita Trantow', 'Qui provident voluptatem hic sint. Et labore ducimus tenetur dolores labore cum. Et numquam saepe officiis numquam et omnis ut quis. Vero tempore et iusto quasi repudiandae et.', 2, '2018-09-22 10:14:48', '2018-09-22 10:14:48'),
(175, 30, 'Graham Predovic Jr.', 'Nam qui quisquam optio officia omnis. Soluta sunt ut quia esse qui sapiente. Illo esse modi est aperiam. Quaerat molestiae fugiat minima quas perspiciatis culpa beatae.', 1, '2018-09-22 10:14:48', '2018-09-22 10:14:48'),
(176, 22, 'Marquis Brakus Jr.', 'Voluptatem quasi fuga voluptatum omnis veniam ipsam. Omnis totam corporis magni error rerum sed. Cumque assumenda cum aspernatur enim.', 3, '2018-09-22 10:14:48', '2018-09-22 10:14:48'),
(177, 92, 'Mrs. Verona Ferry', 'Distinctio commodi molestiae perspiciatis sit occaecati quam fugiat aut. Aliquam nostrum dolores facilis perspiciatis est voluptatem et.', 5, '2018-09-22 10:14:48', '2018-09-22 10:14:48'),
(178, 29, 'Angie Bosco', 'Aspernatur voluptatum explicabo qui praesentium soluta et et nulla. Veritatis dolores provident nulla beatae placeat perferendis.', 4, '2018-09-22 10:14:48', '2018-09-22 10:14:48'),
(179, 38, 'Dr. Brooklyn Daniel MD', 'Provident ipsa laboriosam illum corporis. Cupiditate sed aperiam facere ratione velit tenetur. Est ut ipsa molestiae inventore ut quia dolorem.', 2, '2018-09-22 10:14:48', '2018-09-22 10:14:48'),
(180, 37, 'Ramiro Wolff', 'Iusto odit error nesciunt quam et fugiat aut. Amet est fuga non optio sit voluptates. Perferendis ut qui consectetur pariatur.', 4, '2018-09-22 10:14:48', '2018-09-22 10:14:48'),
(181, 88, 'Ismael Bogan', 'Minima quis modi rerum nostrum tempora reprehenderit. Animi ut rerum aliquid incidunt voluptates. Cumque ullam eaque labore necessitatibus corporis.', 0, '2018-09-22 10:14:48', '2018-09-22 10:14:48'),
(182, 89, 'Dr. Austyn Nolan III', 'Ut numquam enim est necessitatibus hic. Itaque vitae aperiam et voluptates ullam molestiae adipisci. Dolores est cumque et excepturi quis dolor. Odit consequatur est reprehenderit id qui. Molestiae voluptatem enim est porro soluta autem illum repellat.', 2, '2018-09-22 10:14:49', '2018-09-22 10:14:49'),
(183, 18, 'Prof. Newell Jenkins Jr.', 'Non vel quasi rerum officia molestias quas. Repellendus recusandae non consequatur nihil aut enim. Voluptates blanditiis nisi aliquid quisquam sunt. Alias iure illum veritatis occaecati eos.', 0, '2018-09-22 10:14:49', '2018-09-22 10:14:49'),
(184, 45, 'Leland Sawayn', 'Distinctio dolorum aut debitis eius. Qui eius provident a dolor. Dolorum est dolores ea voluptatem velit.', 1, '2018-09-22 10:14:49', '2018-09-22 10:14:49'),
(185, 17, 'Bryana Quitzon', 'Eum illum illum non assumenda. Aut facere cumque et. Eaque tenetur saepe consequatur iste qui quis. Ut alias fugit quia voluptas aliquid inventore officiis.', 2, '2018-09-22 10:14:49', '2018-09-22 10:14:49'),
(186, 58, 'Dr. Barton Homenick Jr.', 'Et omnis cupiditate voluptatem explicabo. Perspiciatis eaque impedit quia laboriosam nulla aut. Sunt id sequi quia neque asperiores error sint illum.', 1, '2018-09-22 10:14:49', '2018-09-22 10:14:49'),
(187, 82, 'Elda Schmidt', 'Aliquam vero explicabo sunt deleniti. Nemo aliquam culpa non quaerat modi. Nisi maxime earum maiores omnis omnis quae aperiam.', 2, '2018-09-22 10:14:49', '2018-09-22 10:14:49'),
(188, 61, 'Jerrell Purdy', 'Placeat qui recusandae illo praesentium at. Ea porro quidem soluta aut est officia repudiandae rerum.', 1, '2018-09-22 10:14:49', '2018-09-22 10:14:49'),
(189, 32, 'Angelita Quitzon', 'Dolor natus perspiciatis non in voluptatibus debitis. Est atque dolore qui consequatur. Et vero omnis et alias. Quo dignissimos officiis et.', 5, '2018-09-22 10:14:49', '2018-09-22 10:14:49'),
(190, 38, 'Ms. Janiya Kuvalis', 'Aliquam praesentium sint blanditiis ut soluta. Ut magni optio ut quo dignissimos sit. Sapiente at rem explicabo. Eum et exercitationem laboriosam sequi distinctio mollitia asperiores quaerat.', 0, '2018-09-22 10:14:49', '2018-09-22 10:14:49'),
(191, 15, 'Nora Murazik V', 'Laudantium ipsa consequuntur ratione. Tenetur delectus aut quis facere. Dicta quos architecto quisquam aut. Soluta veniam dolor occaecati nam perferendis voluptate nostrum. Similique fuga et autem doloribus qui odit suscipit.', 0, '2018-09-22 10:14:49', '2018-09-22 10:14:49'),
(192, 63, 'Mrs. Guadalupe Hansen Jr.', 'Repudiandae ea explicabo ut porro. Laudantium doloribus ratione ut harum. Reprehenderit iusto fugit illo corporis ut veniam.', 0, '2018-09-22 10:14:49', '2018-09-22 10:14:49'),
(193, 19, 'Audra Kerluke PhD', 'Eaque tempore aliquam et quia quos recusandae. Cumque voluptatem et est iure labore quas modi quos. Amet qui nihil aut est nemo vel.', 3, '2018-09-22 10:14:49', '2018-09-22 10:14:49'),
(194, 16, 'Alfonzo Ward', 'Cum quo aut voluptas at. Ut quia ea nobis consequatur velit quidem quasi est. Suscipit reiciendis cupiditate accusamus aliquid eligendi dolorem.', 2, '2018-09-22 10:14:49', '2018-09-22 10:14:49'),
(195, 94, 'River Wisozk', 'Suscipit ex sit non nihil inventore dolores velit. Ea fuga sed quod. Blanditiis sit dicta doloribus qui adipisci fugiat.', 5, '2018-09-22 10:14:49', '2018-09-22 10:14:49'),
(196, 24, 'Nickolas Mann', 'Ut amet est sit qui reprehenderit. Eaque explicabo aut amet sapiente. Ab a minus minima beatae.', 0, '2018-09-22 10:14:49', '2018-09-22 10:14:49'),
(197, 75, 'Otilia Borer', 'Rerum quisquam dolores cumque et beatae. Illum omnis praesentium recusandae molestiae. Assumenda sit qui velit repellendus modi.', 3, '2018-09-22 10:14:49', '2018-09-22 10:14:49'),
(198, 79, 'Pattie Blick I', 'Et labore doloremque sint et. Repellendus velit repudiandae cum culpa. Et veniam quo atque et ullam nostrum reiciendis molestias. Quis rerum voluptas ducimus eos ipsum molestiae.', 4, '2018-09-22 10:14:49', '2018-09-22 10:14:49'),
(199, 82, 'Berenice Torp I', 'In et consequatur dolorum aut aut. Quae et quisquam rerum iure ab esse. Alias autem enim omnis laboriosam quasi suscipit saepe. Quia ea voluptas rem blanditiis sed at.', 2, '2018-09-22 10:14:49', '2018-09-22 10:14:49'),
(200, 39, 'Prof. Aileen Littel DDS', 'Illo dolorem qui voluptatem voluptatem expedita. Voluptas dolores tempora commodi et eligendi illo. Excepturi et ad facilis.', 0, '2018-09-22 10:14:49', '2018-09-22 10:14:49'),
(201, 60, 'Mr. Toby Moore', 'Aperiam error veniam neque commodi eum quis blanditiis. Soluta alias necessitatibus iure eaque corrupti. Alias iste omnis necessitatibus et.', 3, '2018-09-22 10:14:49', '2018-09-22 10:14:49'),
(202, 18, 'Leonard Huels MD', 'Debitis itaque ut ut. Iusto reiciendis fuga aspernatur vero.', 3, '2018-09-22 10:14:49', '2018-09-22 10:14:49'),
(203, 48, 'Kaitlyn DuBuque', 'Mollitia atque voluptatibus a laborum consectetur maiores aut. Error et consequatur et excepturi. Alias odit ducimus culpa ea et nisi. Amet nam autem et quo magnam vero.', 5, '2018-09-22 10:14:49', '2018-09-22 10:14:49'),
(204, 29, 'Willy West', 'Amet impedit et dignissimos rerum aliquam. Esse neque amet nemo alias. Voluptates enim deleniti ipsum facere. Enim iste doloribus laboriosam ipsam.', 5, '2018-09-22 10:14:49', '2018-09-22 10:14:49'),
(205, 73, 'Vern Schaefer DDS', 'Sed harum quidem accusamus eius atque sed non impedit. Eligendi voluptatem aut soluta est quia. Et sed sed eum maxime ratione. Error perspiciatis tempora aliquid est est cupiditate ipsam.', 5, '2018-09-22 10:14:49', '2018-09-22 10:14:49'),
(206, 80, 'Dr. Jeffry Luettgen', 'Maiores sint quia occaecati vero beatae vel. Consectetur explicabo error nihil corrupti temporibus nobis temporibus. Corrupti rerum tempore quis rerum quis dolorem aut.', 0, '2018-09-22 10:14:49', '2018-09-22 10:14:49'),
(207, 60, 'Meaghan Collins', 'Sunt illum soluta omnis ipsa. Laborum corrupti omnis iure et magnam aut ut earum. Aperiam hic totam saepe ut quo sed molestiae occaecati.', 5, '2018-09-22 10:14:49', '2018-09-22 10:14:49'),
(208, 95, 'Ransom Hand', 'Iure ut dolorem et facilis unde cumque. Iure esse ducimus rem omnis assumenda eum in enim. Perspiciatis enim tempora deserunt rerum ipsam. Veniam id iste dolor repellat.', 0, '2018-09-22 10:14:49', '2018-09-22 10:14:49'),
(209, 80, 'Sydni Stanton', 'Eaque optio accusamus consectetur odio reprehenderit. Eligendi minus molestiae voluptatem qui quidem laborum voluptatibus. Autem repellendus sit et suscipit ducimus aut mollitia quidem.', 3, '2018-09-22 10:14:49', '2018-09-22 10:14:49');
INSERT INTO `reviews` (`id`, `product_id`, `customer`, `review`, `star`, `created_at`, `updated_at`) VALUES
(210, 66, 'Jakayla Treutel', 'Aut repudiandae ut consequuntur et et eius. Qui vel possimus in maiores alias nulla eos.', 2, '2018-09-22 10:14:49', '2018-09-22 10:14:49'),
(211, 13, 'Quentin Champlin IV', 'Sit minus dolores est praesentium quis sunt. Cumque autem et officiis et adipisci ipsum quae. Libero et sunt eaque dolorum delectus excepturi consequatur. Est odio molestiae delectus laudantium commodi quisquam est.', 1, '2018-09-22 10:14:49', '2018-09-22 10:14:49'),
(212, 14, 'Janie Kuhn', 'Qui qui voluptatem voluptas est pariatur esse. Eos perferendis id aut natus. Necessitatibus dolorem repellat est laudantium magni.', 1, '2018-09-22 10:14:49', '2018-09-22 10:14:49'),
(213, 12, 'Mr. Gennaro Conroy DVM', 'Aperiam qui quia animi iusto suscipit. Repellendus impedit earum ipsam cumque culpa placeat. Rem praesentium consequatur eligendi. Necessitatibus culpa aut illo sint.', 5, '2018-09-22 10:14:49', '2018-09-22 10:14:49'),
(214, 27, 'Miss Savanah Schultz', 'Minima recusandae eius debitis voluptatem et ut. Sit vitae perferendis iure iusto. Aliquam eveniet assumenda consequatur provident.', 0, '2018-09-22 10:14:49', '2018-09-22 10:14:49'),
(215, 45, 'Damion Stamm', 'Dolorem quia sit neque porro quaerat quia totam et. Et numquam cupiditate molestiae asperiores. Aut est saepe labore aperiam accusantium rerum. Totam maiores dolorum alias hic omnis a ipsum.', 1, '2018-09-22 10:14:49', '2018-09-22 10:14:49'),
(216, 28, 'Sydni Harvey', 'Reprehenderit reiciendis ipsam nesciunt aut. Minima dolores impedit vel ex sunt ex. Repellendus omnis ex voluptatum non. Optio tenetur optio eius totam omnis libero occaecati quas. Provident repudiandae dolor dolorem quibusdam eos.', 1, '2018-09-22 10:14:49', '2018-09-22 10:14:49'),
(217, 77, 'Jamal Predovic', 'Totam molestias illum saepe sequi. Non perspiciatis eum velit ut aut est quia officia. Eius expedita ut libero est.', 2, '2018-09-22 10:14:49', '2018-09-22 10:14:49'),
(218, 98, 'Icie Yost', 'Quis error culpa earum ex quae quasi. Voluptatem qui officia eveniet odit corrupti quaerat.', 5, '2018-09-22 10:14:50', '2018-09-22 10:14:50'),
(219, 1, 'Maximillian Koch', 'Eius iure in qui. Quasi nobis inventore itaque doloribus deleniti veritatis. Iusto voluptate eaque id occaecati quo nihil consequatur. Quos optio omnis minima earum.', 2, '2018-09-22 10:14:50', '2018-09-22 10:14:50'),
(220, 98, 'Yolanda Dicki', 'Earum harum aperiam dolorem eaque dignissimos doloribus in in. Ducimus ut sapiente et placeat aliquam doloribus est. Velit aspernatur quo ipsa ut corrupti tempore pariatur. Dolor et eos assumenda hic eos quibusdam maiores voluptas.', 2, '2018-09-22 10:14:50', '2018-09-22 10:14:50'),
(221, 35, 'Lucile Hintz', 'Excepturi est ut consequatur quo amet fuga rerum in. Quasi totam soluta tempora eum. Mollitia ut ut rem reiciendis earum quis. Dolorem et qui et sit repellendus sapiente earum.', 4, '2018-09-22 10:14:50', '2018-09-22 10:14:50'),
(222, 26, 'Raymond Gislason', 'Recusandae earum consequuntur ullam molestias et qui dignissimos. Nostrum quidem voluptas odit optio. Est ut sunt quas et aliquid quasi suscipit.', 3, '2018-09-22 10:14:50', '2018-09-22 10:14:50'),
(223, 21, 'Katelyn Kunze', 'Occaecati esse eius maxime non commodi sint vitae non. Quasi vel reiciendis optio eaque repellendus vero sit. Ducimus id animi repellendus sint labore in perferendis.', 3, '2018-09-22 10:14:50', '2018-09-22 10:14:50'),
(224, 29, 'Prof. Lowell Mraz', 'Ratione nihil est qui saepe rerum voluptas aliquam officia. Accusamus possimus aspernatur ex delectus quia id quisquam. Aut voluptas veniam doloribus delectus et praesentium. Voluptatum ut veritatis quia rerum omnis voluptate. Omnis fugit delectus tempora placeat a quaerat.', 2, '2018-09-22 10:14:50', '2018-09-22 10:14:50'),
(225, 55, 'Dr. Norbert Emmerich Sr.', 'Consequatur unde quisquam aliquam ipsum dolor sunt. Temporibus eaque ea aliquid quos. Corporis ut aut enim est.', 3, '2018-09-22 10:14:50', '2018-09-22 10:14:50'),
(226, 55, 'Jolie Gulgowski Sr.', 'Id eligendi cum non porro. Iste quia iure repellat sunt. Eaque perspiciatis sed ducimus asperiores voluptatibus molestias beatae. Qui ut nemo temporibus molestiae voluptatem. Optio earum voluptatum nam dolorum voluptatibus libero qui sint.', 0, '2018-09-22 10:14:50', '2018-09-22 10:14:50'),
(227, 36, 'Prof. Austen Marvin DVM', 'Perspiciatis quis eum tempora omnis culpa voluptatum. Rerum odio fugit eos quia odit. Dolorem earum non sequi qui.', 3, '2018-09-22 10:14:50', '2018-09-22 10:14:50'),
(228, 74, 'Kaia Dooley', 'Dolore tenetur ab suscipit. Dignissimos iusto ratione ea atque est. Quas molestiae accusamus neque consequatur. Blanditiis commodi in velit.', 5, '2018-09-22 10:14:50', '2018-09-22 10:14:50'),
(229, 63, 'Mr. Jerrod Schulist', 'Veniam corporis ex minima perferendis. Voluptas non qui rerum minus alias. Repudiandae iste dolorem blanditiis repellendus repudiandae. Rerum ducimus est aut eaque. Esse consequatur dolor ea quidem soluta facere.', 3, '2018-09-22 10:14:50', '2018-09-22 10:14:50'),
(230, 13, 'Mr. Greg D\'Amore', 'Ratione tempore ea iure qui quasi reiciendis. Ut nulla minus et cupiditate enim. Consequatur eaque saepe dolorem sunt. Voluptates voluptas voluptate quos nostrum dicta.', 3, '2018-09-22 10:14:50', '2018-09-22 10:14:50'),
(231, 29, 'Lee Dibbert', 'Ut nemo optio ad excepturi. Ullam consectetur commodi esse aut sed saepe. Molestiae ut ut qui et. Dicta ut est ipsa fugit et possimus facilis ut.', 4, '2018-09-22 10:14:50', '2018-09-22 10:14:50'),
(232, 85, 'Ms. Margret Kemmer Sr.', 'Est ex laboriosam ab deleniti enim accusamus minima. Consequuntur sed mollitia architecto aliquid eos sint quia. Quae doloremque dolorem adipisci ea suscipit facilis. Maxime omnis nam consequatur minima vel quibusdam officiis.', 0, '2018-09-22 10:14:50', '2018-09-22 10:14:50'),
(233, 64, 'Dr. Nikko Lueilwitz II', 'Porro suscipit fuga non iusto. Excepturi asperiores consequatur nihil deserunt qui ut. Sit veniam optio ratione nostrum. Nihil dolorem provident molestias velit animi ullam voluptas. Omnis qui aliquam nisi aspernatur.', 0, '2018-09-22 10:14:50', '2018-09-22 10:14:50'),
(234, 59, 'Maryam Collier', 'Est incidunt voluptatem quidem atque sit dolores enim. Est aliquid eveniet amet. Magni pariatur molestias quos facilis consequatur. Voluptatem cupiditate nostrum quaerat magni.', 0, '2018-09-22 10:14:50', '2018-09-22 10:14:50'),
(235, 88, 'Una Stoltenberg', 'Tempora quasi commodi recusandae corrupti quia. Officiis modi mollitia qui vitae vel repudiandae eveniet. Sapiente quo totam modi cupiditate impedit.', 5, '2018-09-22 10:14:50', '2018-09-22 10:14:50'),
(236, 78, 'Miss Norene Emard IV', 'Nihil quis laborum maiores quia laborum incidunt. Aut ullam id id iure beatae odit quos. Id perferendis nemo qui et eos unde temporibus. Odit officiis suscipit et non nemo possimus. Blanditiis amet veritatis eius.', 3, '2018-09-22 10:14:50', '2018-09-22 10:14:50'),
(237, 98, 'Florida Hermiston PhD', 'Suscipit ea qui voluptate molestiae. Doloremque iste eum omnis saepe modi eum. Itaque dolorem voluptate rerum ea impedit.', 4, '2018-09-22 10:14:50', '2018-09-22 10:14:50'),
(238, 9, 'Oleta Kutch II', 'Enim est vitae sit a. Qui laborum culpa accusantium eaque maiores debitis eveniet. Qui ex numquam ut perferendis nobis ex facilis. Illum voluptas illo itaque est possimus et.', 1, '2018-09-22 10:14:50', '2018-09-22 10:14:50'),
(239, 68, 'Prof. Zachariah Renner', 'Harum at numquam aut consequuntur est nulla. Harum at error numquam eos facilis assumenda. Voluptas delectus consequuntur vero et.', 3, '2018-09-22 10:14:50', '2018-09-22 10:14:50'),
(240, 18, 'Rocio Kuvalis', 'Inventore autem eos et tenetur. Asperiores dolores rem aut laborum aut enim qui similique.', 3, '2018-09-22 10:14:50', '2018-09-22 10:14:50'),
(241, 88, 'Royce Murray', 'Sapiente quidem ex qui sunt. Sit ut in possimus. Qui nisi modi eveniet eos aut. Ad cum voluptatem minus et.', 1, '2018-09-22 10:14:50', '2018-09-22 10:14:50'),
(242, 23, 'Mrs. Gudrun Rippin III', 'Et illum quibusdam et ut aut et molestiae. Qui distinctio accusamus et consequuntur consequatur. Et et dolores quia recusandae optio. Itaque vitae assumenda sed qui voluptatem iste a dolor. Quidem delectus possimus accusantium sed.', 4, '2018-09-22 10:14:50', '2018-09-22 10:14:50'),
(243, 3, 'Christy Gleason', 'Nihil quam deleniti voluptatum. Voluptas rerum ut recusandae illo natus.', 4, '2018-09-22 10:14:50', '2018-09-22 10:14:50'),
(244, 24, 'Bettye Tillman', 'Accusantium non voluptatem eligendi voluptas doloremque. Praesentium architecto reiciendis sed quas aspernatur ad corporis. Quia neque in voluptatibus nesciunt vel commodi commodi.', 2, '2018-09-22 10:14:50', '2018-09-22 10:14:50'),
(245, 18, 'Abbey Monahan Jr.', 'Nam vitae eos vel facere omnis. Tenetur officia atque possimus voluptas natus. Reprehenderit qui itaque aut voluptas distinctio sequi nisi non. Molestias quisquam ullam natus accusantium.', 1, '2018-09-22 10:14:50', '2018-09-22 10:14:50'),
(246, 80, 'Kraig Ryan Sr.', 'Assumenda nihil excepturi ut et. Ut ipsa pariatur omnis voluptatibus cupiditate dolorem. Ut quos omnis magnam et consequatur omnis reprehenderit. Et aut dolor asperiores aut laudantium.', 3, '2018-09-22 10:14:50', '2018-09-22 10:14:50'),
(247, 66, 'Prof. Carmelo Jones Sr.', 'Sunt incidunt dolores libero saepe. Aut voluptas impedit eius tempora molestiae. Tempora quia aspernatur et ea illum. Voluptatem dolor illo ea est enim debitis. Deserunt ipsa perspiciatis nemo laboriosam veniam autem necessitatibus.', 4, '2018-09-22 10:14:50', '2018-09-22 10:14:50'),
(248, 65, 'Prof. Creola Ritchie DVM', 'Rem deserunt et est incidunt aliquam sit. Sequi suscipit velit et et illum corporis blanditiis sequi. Enim et sit aut et sit quidem nam.', 4, '2018-09-22 10:14:50', '2018-09-22 10:14:50'),
(249, 47, 'Bernard Kutch Sr.', 'Qui nulla similique a et temporibus iusto enim. Hic quis impedit blanditiis odit. Ea quas perferendis voluptatem eaque officiis vero quaerat. Reprehenderit natus nostrum assumenda distinctio sint sit.', 3, '2018-09-22 10:14:50', '2018-09-22 10:14:50'),
(250, 7, 'Aida Ullrich MD', 'In sed cupiditate nobis qui sed aliquid. Tempora occaecati et laborum aut explicabo rerum nisi tenetur.', 3, '2018-09-22 10:14:50', '2018-09-22 10:14:50'),
(251, 60, 'Kailey McKenzie', 'Aut enim magnam et repellendus modi ut. Provident aut sed animi animi. Ut perspiciatis laboriosam quas.', 0, '2018-09-22 10:14:50', '2018-09-22 10:14:50'),
(252, 5, 'Maria Fisher', 'Laborum labore qui nesciunt ex. Sit quod voluptatum voluptatem impedit hic perspiciatis. Aut maxime voluptatem consequuntur eveniet modi sit et minima. Dolor fugiat explicabo quos commodi sunt necessitatibus.', 4, '2018-09-22 10:14:51', '2018-09-22 10:14:51'),
(253, 80, 'Dallin Bruen', 'Soluta animi dolores iusto id eaque quis. Non itaque eos nihil sint veritatis minus quos. Quia tempore laborum temporibus rerum praesentium.', 0, '2018-09-22 10:14:51', '2018-09-22 10:14:51'),
(254, 12, 'Dr. Karine Cummerata', 'Harum nobis consequatur nisi vel. Sed assumenda aut dolore doloribus expedita perferendis. Et iste rerum magni ratione suscipit. Adipisci aut minima recusandae porro omnis omnis voluptate consequatur.', 4, '2018-09-22 10:14:51', '2018-09-22 10:14:51'),
(255, 48, 'Wilford Graham', 'Tempore voluptate deserunt voluptate assumenda. Quis dolor aut velit. Animi ipsum eveniet quam id quam error est. Earum odio quas sit et.', 1, '2018-09-22 10:14:51', '2018-09-22 10:14:51'),
(256, 28, 'Kari Ondricka III', 'Iste maxime et et qui nulla est. Omnis eaque adipisci reprehenderit quo optio. Nihil asperiores debitis voluptate corrupti. Molestias ex veritatis minima esse sed quis blanditiis aut.', 4, '2018-09-22 10:14:51', '2018-09-22 10:14:51'),
(257, 52, 'Thalia Howell', 'Tempora quod ad ratione natus facere. Dicta quia ut eos sit.', 3, '2018-09-22 10:14:51', '2018-09-22 10:14:51'),
(258, 72, 'Opal Kertzmann', 'Aliquam blanditiis illo eius nisi fugit aut. Nostrum nostrum dolores nemo a omnis. Blanditiis natus et mollitia praesentium sit aut sit assumenda.', 0, '2018-09-22 10:14:51', '2018-09-22 10:14:51'),
(259, 92, 'Miss Audra Torphy V', 'Repudiandae molestiae ut voluptatem voluptatem iste excepturi. Id fugiat nihil voluptatem ipsam non omnis. Quia sit et voluptas libero quaerat. Aliquam vero dolorem eum et.', 4, '2018-09-22 10:14:51', '2018-09-22 10:14:51'),
(260, 11, 'Dr. Torrance Corkery PhD', 'Voluptatem voluptatum aut quia. Dolores nobis amet velit et dolores. Laudantium in accusantium sunt omnis.', 4, '2018-09-22 10:14:51', '2018-09-22 10:14:51'),
(261, 47, 'Willis Hagenes', 'Molestias cumque autem sed facere sed atque ut facilis. In consequuntur porro nisi perferendis dignissimos hic maxime hic. Saepe inventore nostrum corporis quasi optio. Eligendi ut voluptate quia molestiae.', 2, '2018-09-22 10:14:51', '2018-09-22 10:14:51'),
(262, 28, 'Dr. Russell Wisozk Sr.', 'Aut dolore culpa adipisci et esse pariatur dolores voluptas. Dicta praesentium fugiat nihil suscipit molestias. Sed maiores magnam consequuntur voluptatem ut deleniti qui. Voluptatibus quo sit doloribus ratione est rerum.', 2, '2018-09-22 10:14:51', '2018-09-22 10:14:51'),
(263, 89, 'Ms. Marian Stanton', 'Accusamus maxime est atque omnis facilis qui voluptas eveniet. Est non ea vel. Ab hic voluptas aspernatur tempora repellendus.', 2, '2018-09-22 10:14:51', '2018-09-22 10:14:51'),
(264, 9, 'Prof. Blaise Schamberger V', 'Ipsa aut aut in iure. Voluptatem ea architecto ex enim. Et a in optio debitis aliquid illo eum ut. Tenetur quisquam distinctio adipisci sed vero voluptas.', 3, '2018-09-22 10:14:51', '2018-09-22 10:14:51'),
(265, 46, 'Dr. Nathanael Kulas', 'Quae voluptas eius voluptatem qui enim. Nulla voluptatem consequuntur voluptatem expedita enim ipsam tenetur. Vel nam consequatur necessitatibus voluptates repellat aliquam voluptatibus. Molestias et quis reprehenderit molestias assumenda minus dolorem autem.', 3, '2018-09-22 10:14:51', '2018-09-22 10:14:51'),
(266, 66, 'Sister Windler', 'Rerum vel illum beatae laudantium voluptatibus. Numquam autem sapiente neque explicabo alias dolor aut. At eaque voluptatibus qui minima. Esse quia et tempora explicabo vitae nam perspiciatis.', 1, '2018-09-22 10:14:51', '2018-09-22 10:14:51'),
(267, 71, 'Prof. Asa Orn II', 'Reiciendis quo excepturi sequi quas. Facere minima error pariatur ad vero at reprehenderit. Perspiciatis incidunt aspernatur sit explicabo itaque laboriosam non.', 5, '2018-09-22 10:14:51', '2018-09-22 10:14:51'),
(268, 6, 'Webster Aufderhar', 'Quasi eaque quis suscipit dolores est natus. Cum et atque enim expedita molestiae libero ad. Rerum ea voluptate quaerat corporis sunt rerum. Rem error sint neque et.', 3, '2018-09-22 10:14:51', '2018-09-22 10:14:51'),
(269, 95, 'Dr. Jonathon Wisozk', 'Voluptas porro suscipit natus exercitationem consequatur deserunt perferendis. Voluptatem et voluptate minus autem dolore exercitationem suscipit tenetur. Tenetur voluptatem ut harum assumenda rerum accusantium nostrum.', 0, '2018-09-22 10:14:51', '2018-09-22 10:14:51'),
(270, 28, 'Mrs. Marilou Kub', 'Sint dolore sit omnis et et. Omnis et quas quia enim et perferendis. Et et ut est ea reiciendis nisi.', 3, '2018-09-22 10:14:51', '2018-09-22 10:14:51'),
(271, 13, 'Mrs. Cathy Hodkiewicz', 'Illo autem hic neque sit quam sit rerum. Voluptatem ipsa ut non fugit sed ut. Nihil quaerat esse id dolores est animi sunt.', 3, '2018-09-22 10:14:51', '2018-09-22 10:14:51'),
(272, 33, 'Florida Stroman', 'Ad consequatur natus est ut assumenda et illum. Eum recusandae sit hic quam et in. Laborum ut enim magni facilis alias. Dolore similique ducimus dolorum et.', 0, '2018-09-22 10:14:51', '2018-09-22 10:14:51'),
(273, 95, 'Mr. Ubaldo Mitchell', 'Nobis nulla accusantium ad autem nemo labore. Aperiam ratione amet praesentium iste rerum similique repellat. Laborum unde maxime impedit in quod.', 0, '2018-09-22 10:14:51', '2018-09-22 10:14:51'),
(274, 25, 'Hilario Haley DVM', 'Maiores odit ea qui eos omnis autem sequi. Excepturi non possimus accusamus dicta.', 1, '2018-09-22 10:14:51', '2018-09-22 10:14:51'),
(275, 22, 'Sophia Lind', 'Possimus fuga et dignissimos impedit aut. Consequatur ipsa consequatur necessitatibus voluptas. Illum itaque quisquam fugit.', 0, '2018-09-22 10:14:51', '2018-09-22 10:14:51'),
(276, 92, 'Geovany Boyer', 'Quaerat laborum quam sit voluptas. Ut itaque non exercitationem et rem suscipit sit. Sapiente facere consectetur esse aut.', 4, '2018-09-22 10:14:51', '2018-09-22 10:14:51'),
(277, 78, 'Aurelio Sanford', 'Suscipit dolorum animi incidunt sed in repellat magnam. Velit odit voluptates maiores autem. Modi dolore voluptates ut eos corporis. Quia asperiores est accusamus earum voluptas non. Consequatur occaecati ut ipsam eligendi dolor et reiciendis.', 1, '2018-09-22 10:14:51', '2018-09-22 10:14:51'),
(278, 56, 'Dr. Dwight Kiehn V', 'Ut eos non deleniti. Qui rerum asperiores culpa quos. Qui et in sed et soluta ut. Non aut similique ut excepturi aut tempora molestiae.', 2, '2018-09-22 10:14:51', '2018-09-22 10:14:51'),
(279, 88, 'Miss Glenna Jacobi', 'Et esse libero ex ad quis sed ullam. Quas eos quidem pariatur iste corporis sapiente dolorem. Sit vitae aperiam pariatur deleniti distinctio nostrum non praesentium.', 4, '2018-09-22 10:14:52', '2018-09-22 10:14:52'),
(280, 29, 'Miss Ivory Farrell', 'In fuga dolorem et tenetur optio. Aliquid nihil ut ipsam non expedita in. Ad placeat et autem placeat cumque magni et.', 3, '2018-09-22 10:14:52', '2018-09-22 10:14:52'),
(281, 84, 'Mrs. Hope Zulauf', 'Pariatur alias sit hic est dolorum aliquam quam. Vel saepe voluptatem consequatur eaque et similique. Culpa repellendus veritatis maxime ut officiis. Facere aliquam ipsum voluptate iusto ut.', 0, '2018-09-22 10:14:52', '2018-09-22 10:14:52'),
(282, 61, 'Susanna Rutherford', 'Delectus mollitia eum aliquid commodi pariatur dolores beatae. Voluptate adipisci id quo temporibus voluptatum corporis. Ex omnis explicabo atque. Maiores asperiores velit eum sit deleniti.', 0, '2018-09-22 10:14:52', '2018-09-22 10:14:52'),
(283, 14, 'Talia Mertz', 'Dicta aut recusandae quia reiciendis. Aut sint atque at provident et culpa harum. Quas velit nam voluptates odio. Suscipit ipsam labore sapiente tenetur velit corporis.', 2, '2018-09-22 10:14:52', '2018-09-22 10:14:52'),
(284, 66, 'Brendon Volkman', 'Iste iure asperiores libero saepe. Labore saepe ut dolores libero ea quia.', 3, '2018-09-22 10:14:52', '2018-09-22 10:14:52'),
(285, 73, 'Ruthie Rohan', 'Omnis rerum et omnis ipsa vel maxime. Consequuntur soluta distinctio tempora dolorem voluptatem ea. Aspernatur vel asperiores autem odio.', 4, '2018-09-22 10:14:52', '2018-09-22 10:14:52'),
(286, 10, 'Broderick Funk IV', 'Deleniti est quam adipisci omnis placeat voluptates sed. Perferendis maxime et accusamus aut et velit ut. Exercitationem sunt ex sapiente ducimus. Et distinctio non labore et ut laborum.', 5, '2018-09-22 10:14:52', '2018-09-22 10:14:52'),
(287, 91, 'Ms. Kavon Rodriguez', 'Placeat doloremque odit ad nulla. Dolorem aspernatur sit illo voluptas alias et. Sed ducimus recusandae voluptas tenetur voluptates ex. Odio eligendi aliquam et sequi.', 0, '2018-09-22 10:14:52', '2018-09-22 10:14:52'),
(288, 31, 'Amparo Carter', 'Excepturi recusandae est nihil rerum et. Deleniti quis natus iure necessitatibus. Quo dolorum omnis et suscipit minima facere. Ipsum omnis hic nesciunt harum fugit veritatis.', 5, '2018-09-22 10:14:52', '2018-09-22 10:14:52'),
(289, 91, 'Kaitlin Heathcote', 'Illum repellendus eveniet laboriosam expedita aliquam ex molestias. Vero saepe et rerum rerum et velit hic in. Ad nihil id voluptatem recusandae error.', 4, '2018-09-22 10:14:52', '2018-09-22 10:14:52'),
(290, 98, 'Chanel Schiller', 'Eos excepturi dignissimos unde nam sit sit corrupti. Et vero est aliquam harum ea iure dolores. Hic et porro magni quidem odio maxime consequatur.', 0, '2018-09-22 10:14:52', '2018-09-22 10:14:52'),
(291, 58, 'Shana Greenholt', 'Illum laborum illum eaque rerum et incidunt. Earum qui ad nulla molestias. Assumenda enim doloremque quia est. Voluptas occaecati velit enim rerum architecto quam. Veniam qui omnis earum earum.', 0, '2018-09-22 10:14:52', '2018-09-22 10:14:52'),
(292, 6, 'Johnson Tromp', 'Et minima voluptas eos voluptatem velit modi rerum. Atque consequatur aperiam sed harum. Soluta harum ullam excepturi suscipit. Maxime aut dolor error eum doloribus.', 3, '2018-09-22 10:14:52', '2018-09-22 10:14:52'),
(293, 33, 'Emmanuel Barrows', 'Voluptatem iste quisquam corporis voluptatem qui. Ad minima quisquam qui fugit.', 5, '2018-09-22 10:14:52', '2018-09-22 10:14:52'),
(294, 43, 'Bridie Fay II', 'Non maiores possimus sint assumenda quo. Quo dicta laborum sunt voluptatibus voluptate. Autem similique sed ut deserunt odio consectetur.', 3, '2018-09-22 10:14:52', '2018-09-22 10:14:52'),
(295, 48, 'Kitty Ondricka', 'Similique nihil possimus tempora nostrum. Nobis rerum vel quia et maxime officiis. Et tempora eos sit et. Ut ab voluptates reprehenderit ad fugiat dolor.', 3, '2018-09-22 10:14:52', '2018-09-22 10:14:52'),
(296, 41, 'Randy Gusikowski MD', 'Porro iusto repellendus sit et voluptas. Mollitia incidunt quo modi doloribus aut ut.', 0, '2018-09-22 10:14:52', '2018-09-22 10:14:52'),
(297, 97, 'Melody Pacocha', 'Et autem molestiae enim sint est minima consequatur. Qui vero aperiam molestiae voluptas ab est. Eaque mollitia est qui veniam doloremque. Ea exercitationem eius qui doloremque animi.', 0, '2018-09-22 10:14:52', '2018-09-22 10:14:52'),
(298, 73, 'Garfield Leuschke IV', 'Facere aut consequuntur hic cumque corporis omnis quibusdam tempora. Voluptate aspernatur quaerat et quia ut pariatur.', 5, '2018-09-22 10:14:52', '2018-09-22 10:14:52'),
(299, 51, 'Macey Hermann', 'Quas assumenda voluptatem rerum. Dolorem minima mollitia sit. In ad aperiam itaque omnis quibusdam modi modi.', 2, '2018-09-22 10:14:52', '2018-09-22 10:14:52'),
(300, 13, 'Brisa Volkman', 'Est eaque aut est ut porro. Eaque voluptas laboriosam similique sed libero quia minima tempora. Non dolores doloribus tempore adipisci cum id. Esse amet voluptatem corporis voluptas error.', 1, '2018-09-22 10:14:52', '2018-09-22 10:14:52');

-- --------------------------------------------------------

--
-- Table structure for table `users`
--

CREATE TABLE `users` (
  `id` int(10) UNSIGNED NOT NULL,
  `name` varchar(191) COLLATE utf8mb4_unicode_ci NOT NULL,
  `email` varchar(191) COLLATE utf8mb4_unicode_ci NOT NULL,
  `password` varchar(191) COLLATE utf8mb4_unicode_ci NOT NULL,
  `remember_token` varchar(100) COLLATE utf8mb4_unicode_ci DEFAULT NULL,
  `created_at` timestamp NULL DEFAULT NULL,
  `updated_at` timestamp NULL DEFAULT NULL
) ENGINE=InnoDB DEFAULT CHARSET=utf8mb4 COLLATE=utf8mb4_unicode_ci;

--
-- Indexes for dumped tables
--

--
-- Indexes for table `migrations`
--
ALTER TABLE `migrations`
  ADD PRIMARY KEY (`id`);

--
-- Indexes for table `password_resets`
--
ALTER TABLE `password_resets`
  ADD KEY `password_resets_email_index` (`email`);

--
-- Indexes for table `products`
--
ALTER TABLE `products`
  ADD PRIMARY KEY (`id`);

--
-- Indexes for table `reviews`
--
ALTER TABLE `reviews`
  ADD PRIMARY KEY (`id`),
  ADD KEY `reviews_product_id_index` (`product_id`);

--
-- Indexes for table `users`
--
ALTER TABLE `users`
  ADD PRIMARY KEY (`id`),
  ADD UNIQUE KEY `users_email_unique` (`email`);

--
-- AUTO_INCREMENT for dumped tables
--

--
-- AUTO_INCREMENT for table `migrations`
--
ALTER TABLE `migrations`
  MODIFY `id` int(10) UNSIGNED NOT NULL AUTO_INCREMENT, AUTO_INCREMENT=5;
--
-- AUTO_INCREMENT for table `products`
--
ALTER TABLE `products`
  MODIFY `id` int(10) UNSIGNED NOT NULL AUTO_INCREMENT, AUTO_INCREMENT=101;
--
-- AUTO_INCREMENT for table `reviews`
--
ALTER TABLE `reviews`
  MODIFY `id` int(10) UNSIGNED NOT NULL AUTO_INCREMENT, AUTO_INCREMENT=301;
--
-- AUTO_INCREMENT for table `users`
--
ALTER TABLE `users`
  MODIFY `id` int(10) UNSIGNED NOT NULL AUTO_INCREMENT;
--
-- Constraints for dumped tables
--

--
-- Constraints for table `reviews`
--
ALTER TABLE `reviews`
  ADD CONSTRAINT `reviews_product_id_foreign` FOREIGN KEY (`product_id`) REFERENCES `products` (`id`) ON DELETE CASCADE;

/*!40101 SET CHARACTER_SET_CLIENT=@OLD_CHARACTER_SET_CLIENT */;
/*!40101 SET CHARACTER_SET_RESULTS=@OLD_CHARACTER_SET_RESULTS */;
/*!40101 SET COLLATION_CONNECTION=@OLD_COLLATION_CONNECTION */;
